EVTNAME9991300;巨龙山发现金矿;;;;;;;;;;;;x
EVTDESC9991300;巨龙山发现金矿的传闻已获证实，勘探者与寻金者开始涌向山麓，全球市场很快将感受到新铸钱币的分量。;;;;;;;;;;;;x
EVTOPTA9991300;划下我们的矿权。;;;;;;;;;;;;x
EVTNAME9991301;九流镇发现金矿;;;;;;;;;;;;x
EVTDESC9991301;九流镇附近发现大型金矿，沙漠中掀起淘金热，镇上的市集涌入大量新钱。;;;;;;;;;;;;x
EVTOPTA9991301;划下我们的矿权。;;;;;;;;;;;;x
EVTNAME9991302;佛罗韦纳发现金矿;;;;;;;;;;;;x
EVTDESC9991302;佛罗韦纳周边的丘陵发现黄金，矿工与商人纷纷涌入城中。;;;;;;;;;;;;x
EVTOPTA9991302;划下我们的矿权。;;;;;;;;;;;;x
EVTNAME9991303;初港发现金矿;;;;;;;;;;;;x
EVTDESC9991303;初港附近发现富金矿脉，港口正准备迎接大批淘金者。;;;;;;;;;;;;x
EVTOPTA9991303;划下我们的矿权。;;;;;;;;;;;;x
EVTNAME9991304;新阿亚卡奇特里发现金矿;;;;;;;;;;;;x
EVTDESC9991304;勘探者在新阿亚卡奇特里挖到了黄金，消息正迅速传遍整个地区。;;;;;;;;;;;;x
EVTOPTA9991304;划下我们的矿权。;;;;;;;;;;;;x
EVTNAME9991305;铜十字城发现金矿;;;;;;;;;;;;x
EVTDESC9991305;铜十字城发现黄金，掀起淘金热，当地经济欣欣向荣。;;;;;;;;;;;;x
EVTOPTA9991305;划下我们的矿权。;;;;;;;;;;;;x
EVTNAME9991306;天落发现金矿;;;;;;;;;;;;x
EVTDESC9991306;天落的矿井发现黄金，寻金者蜂拥而至。;;;;;;;;;;;;x
EVTOPTA9991306;划下我们的矿权。;;;;;;;;;;;;x
EVTNAME9991307;岩镇发现黄金;;;;;;;;;;;;x
EVTDESC9991307;岩镇掀起采矿热潮，勘探者与商人纷纷涌入这座南方丛林城镇，当地市场很快将感受到新铸钱币的分量。;;;;;;;;;;;;x
EVTOPTA9991307;划下我们的矿权。;;;;;;;;;;;;x
