pony;小马;;;;;;;;;;;;x
changeling;幻形灵;;;;;;;;;;;;x
yak;牦牛;;;;;;;;;;;;x
zebra;斑马;;;;;;;;;;;;x
deer;鹿;;;;;;;;;;;;x
buffalos;野牛;;;;;;;;;;;;x
griffon;狮鹫;;;;;;;;;;;;x
kirin;麒麟;;;;;;;;;;;;x
bears;北极熊;;;;;;;;;;;;x
penguins;企鹅;;;;;;;;;;;;x
dragons;龙;;;;;;;;;;;;x
diamond_dogs;钻石狗;;;;;;;;;;;;x
minotaurs;牛头怪;;;;;;;;;;;;x
undeads;不死族;;;;;;;;;;;;x
harpies;哈比鸟;;;;;;;;;;;;x
hippogriffs;骏鹰;;;;;;;;;;;;x
abyssinian_cats;阿比西尼亚猫;;;;;;;;;;;;x
donkeys;驴;;;;;;;;;;;;x
horses;骏马;;;;;;;;;;;;x
yetis;雪人;;;;;;;;;;;;x
hyenas;鬣狗;;;;;;;;;;;;x
giraffes;长颈鹿;;;;;;;;;;;;x
gargoyles;石像鬼;;;;;;;;;;;;x
centaurs;半人马;;;;;;;;;;;;x
camels;骆驼;;;;;;;;;;;;x
llamas;驼;;;;;;;;;;;;x
placeholder;Placeholder;;;;;;;;;;;;x
