EQS_northwest_expedition_title;西北探险;;;;;;;;;;;;x
EQS_northwest_expedition_desc;塞拉斯蒂亚公主资助了一支前往西北荒野的探险队，并鼓励他们在探索中拓展小马的知识边界。我们已经收到了探险队领队橡果帽发回的信件。;;;;;;;;;;;;x
EVTNAME9991400;西北探险;;;;;;;;;;;;x
EVTDESC9991400;在我和我的探险队向西北荒野深入的过程中，我们头一次遭遇了这种奇特的生灵，一种会改变自己形体的智慧种族。我们赠送了一些礼物，表明自己没有恶意，他们用一种非常高质量的丝绸来回报我们。接触总体而言是友好的。我已经下令探险队就近驻营，不进一步深入其他种族的领地——这可能让我们的主人感到冒犯。现在，我已经向坎特洛特寄出信件，请求公主陛下的政府提供资金和物资在这里建造一座堡垒，以为后续的探险小马和商马提供补给。—— 橡果帽的日记;;;;;;;;;;;;x
EVTOPTA9991400;静候进一步的消息。;;;;;;;;;;;;x
EQS_gemstone_rush_title;淘晶潮;;;;;;;;;;;;x
EQS_gemstone_rush_desc;在岩镇，虽然这里的土地贫瘠，但是群山之间有大量的岩石农场出产高质量的矿产。在淘晶潮之后，大量的小马涌入这里，使其从一个不起眼的小村庄成为采矿和矿物加工业的中心。;;;;;;;;;;;;x
EQS_the_frontier_town_title;全新边陲;;;;;;;;;;;;x
EQS_the_frontier_town_desc;苹果鲁萨是一个由小马移居者建造的年轻小镇。它为无数苹果园环绕，用于生产该镇著名的出口产品苹果派。可以预料，当地绝大多数定居者都来自于枝繁叶茂的苹果家族。;;;;;;;;;;;;x
EQS_the_old_frontier_title;旧日边陲;;;;;;;;;;;;x
EQS_the_old_frontier_desc;当小马们于10世纪首次开始于野牛分布稀疏的土地定居时，他们建立了道奇堡以保卫通往温和西部（Mild West）的交通要道。很快，在附近就建起了一个边疆定居点，以容纳那些前往此处的旅行者与冒险者。当这个定居点和小马里亚其他地区以铁路联系起来时，它已经成为一座繁荣的城镇，名为道奇城。;;;;;;;;;;;;x
EQS_pride_of_the_south_title;南方之傲;;;;;;;;;;;;x
EQS_pride_of_the_south_desc;蹄灵顿和小马里亚南方很多定居点一样，最初都是由北方的小马定居者建立的小型堡垒。这座堡垒建立在河中的小岛上，很容易防御野牛劫掠者或怪物的侵袭。形似马蹄的小岛也让在堡垒周围成长的定居点获得了这一名字。与原住民达成和平后，意志坚决的定居者们从废墟中重建蹄灵顿，使其成为一座有着现代规划的城市。不过数年，这座远比道奇城年轻的城市就能在规模上与之匹敌了。这是小马族群勤勉的象征，也是小马们通过合作，在短短几十年内取得成就的光辉典范。;;;;;;;;;;;;x
EQS_until_the_southern_sea_title;直到南方海洋！;;;;;;;;;;;;x
EQS_until_the_southern_sea_desc;「直到南方海洋」这句话经常在坎特洛特被用来为小马定居者在南方的拓殖和坎特洛特政府在其中的作用所辩护。简而言之，小马利亚的利益在于彻底控制 Equus 的南段海岸线，将国家的西海岸与南海岸完全连接起来。在经济诉求和政治推动下，大量的小马来到了大陆的最南端定居开垦土地，并在这一过程中与当地的野牛部落发生了大量的冲突。;;;;;;;;;;;;x
EQS_spcac_title;西南枢密院行政委员会;;;;;;;;;;;;x
EQS_spcac_desc;总而言之，虽然我们尽可能稳定了南方的流血局势，但是公主陛下对她的政府没有及时介入和调解定居者民兵与当地野牛部落的冲突一事感到极为不满。所以 SPCAC 就此成立，坎特洛特决定解散当地的自治政府，并派遣一名总督领导该对西南地区事务具有完全的立法权的委员会。;;;;;;;;;;;;x
WAR_SOUTHERN_SEA_NAME;南方海洋之战;;;;;;;;;;;;x
CHN_the_one_queen_title;唯一女王;;;;;;;;;;;;x
CHN_the_one_queen_desc;在经历了近年的一系列重大冲突之后，我们的虫巢（Hive）在联合（the Union）中占据了主导地位，其他著名的虫巢自愿或被迫地遵从首都的意志。历史上第一次，各个虫巢团结在一个政府之下。是时候加冕了，宣告我们的女王是整个幻形灵之地的唯一女王（the One Queen Of The Changeling Lands），她的权威高于任何一个虫巢的主人！;;;;;;;;;;;;x
