PROV1;West Luna Ocean 1;;;;;;;;;;;;x
PROV2;West Luna Ocean 2;;;;;;;;;;;;x
PROV3;Wic River;;;;;;;;;;;;x
PROV4;West Luna Ocean 3;;;;;;;;;;;;x
PROV5;West Luna Ocean 4;;;;;;;;;;;;x
PROV6;West Luna Ocean 5;;;;;;;;;;;;x
PROV7;Central Trotsas Gulf 1;;;;;;;;;;;;x
PROV8;Manty Bay 1;;;;;;;;;;;;x
PROV9;Manty Bay 2;;;;;;;;;;;;x
PROV10;Manty Bay 3;;;;;;;;;;;;x
PROV11;Manty Bay 4;;;;;;;;;;;;x
PROV12;West Luna Ocean 6;;;;;;;;;;;;x
PROV13;West Luna Ocean 7;;;;;;;;;;;;x
PROV14;West Luna Ocean 8;;;;;;;;;;;;x
PROV15;Manty Bay 5;;;;;;;;;;;;x
PROV16;West Luna Ocean 9;;;;;;;;;;;;x
PROV17;West Luna Ocean 10;;;;;;;;;;;;x
PROV18;Manty Bay 6;;;;;;;;;;;;x
PROV19;West Luna Ocean 11;;;;;;;;;;;;x
PROV20;Manty Bay 7;;;;;;;;;;;;x
PROV21;West Luna Ocean 12;;;;;;;;;;;;x
PROV22;Manty Bay 8;;;;;;;;;;;;x
PROV23;West Luna Ocean 13;;;;;;;;;;;;x
PROV24;West Luna Ocean 14;;;;;;;;;;;;x
PROV25;West Luna Ocean 15;;;;;;;;;;;;x
PROV26;West Luna Ocean 16;;;;;;;;;;;;x
PROV27;Manty Bay 9;;;;;;;;;;;;x
PROV28;Manty Bay 10;;;;;;;;;;;;x
PROV29;Manty Bay 11;;;;;;;;;;;;x
PROV30;Manty Bay 12;;;;;;;;;;;;x
PROV31;Manty Bay 13;;;;;;;;;;;;x
PROV32;Manty Bay 14;;;;;;;;;;;;x
PROV33;West Luna Ocean 17;;;;;;;;;;;;x
PROV34;Manty Bay 15;;;;;;;;;;;;x
PROV35;West Luna Ocean 18;;;;;;;;;;;;x
PROV36;West Luna Ocean 19;;;;;;;;;;;;x
PROV37;Manty Bay 16;;;;;;;;;;;;x
PROV38;West Luna Ocean 20;;;;;;;;;;;;x
PROV39;岛城堡;;;;;;;;;;;;x
PROV40;驼鹿堡;;;;;;;;;;;;x
PROV41;树墙 1;;;;;;;;;;;;x
PROV42;马鹿海湾;;;;;;;;;;;;x
PROV43;树墙 2;;;;;;;;;;;;x
PROV44;沃诺拉;;;;;;;;;;;;x
PROV45;萨卡拉;;;;;;;;;;;;x
PROV46;萌港;;;;;;;;;;;;x
PROV47;Central Trotsas Gulf 2;;;;;;;;;;;;x
PROV48;鹿林;;;;;;;;;;;;x
PROV49;Manty Bay 17;;;;;;;;;;;;x
PROV50;沃诺拉 1;;;;;;;;;;;;x
PROV51;Key Lake 1;;;;;;;;;;;;x
PROV52;East Luna Ocean 1;;;;;;;;;;;;x
PROV53;Central Trotsas Gulf 3;;;;;;;;;;;;x
PROV54;夏半城;;;;;;;;;;;;x
PROV55;贝格斯里夫;;;;;;;;;;;;x
PROV56;临冬城;;;;;;;;;;;;x
PROV57;特雷堡;;;;;;;;;;;;x
PROV58;Stardust Islands 1;;;;;;;;;;;;x
PROV59;鹿城 1;;;;;;;;;;;;x
PROV60;厄瓜多;;;;;;;;;;;;x
PROV61;Golden Shore;;;;;;;;;;;;x
PROV62;希尔维镇;;;;;;;;;;;;x
PROV63;Manty Bay 18;;;;;;;;;;;;x
PROV64;鹿城 2;;;;;;;;;;;;x
PROV65;树墙 3;;;;;;;;;;;;x
PROV66;伊斯海姆;;;;;;;;;;;;x
PROV67;Manty Bay 19;;;;;;;;;;;;x
PROV68;Even More Ice 1;;;;;;;;;;;;x
PROV69;鹿城;;;;;;;;;;;;x
PROV70;毛棒半岛 1;;;;;;;;;;;;x
PROV71;Manty Bay 20;;;;;;;;;;;;x
PROV72;Manty Bay 21;;;;;;;;;;;;x
PROV73;鹿角沼;;;;;;;;;;;;x
PROV74;溺角沼泽;;;;;;;;;;;;x
PROV75;绿谷;;;;;;;;;;;;x
PROV76;绿谷;;;;;;;;;;;;x
PROV77;博拜廷高地 1;;;;;;;;;;;;x
PROV78;博拜廷高地 2;;;;;;;;;;;;x
PROV79;蛩蠊;;;;;;;;;;;;x
PROV80;伊恩德里特;;;;;;;;;;;;x
PROV81;费斯洛特;;;;;;;;;;;;x
PROV82;大半岛 1;;;;;;;;;;;;x
PROV83;太阳神山脉 1;;;;;;;;;;;;x
PROV84;大熊山;;;;;;;;;;;;x
PROV85;Central Trotsas Gulf 4;;;;;;;;;;;;x
PROV86;埃尔克城;;;;;;;;;;;;x
PROV87;太阳神城;;;;;;;;;;;;x
PROV88;扎尔马雷 1;;;;;;;;;;;;x
PROV89;博拜廷高地 3;;;;;;;;;;;;x
PROV90;West Luna Ocean 21;;;;;;;;;;;;x
PROV91;不暖角;;;;;;;;;;;;x
PROV92;大半岛 2;;;;;;;;;;;;x
PROV93;麋鹿海岸 1;;;;;;;;;;;;x
PROV94;斯图尔贝里;;;;;;;;;;;;x
PROV95;大半岛 3;;;;;;;;;;;;x
PROV96;Key Lake 2;;;;;;;;;;;;x
PROV97;门蒂溪 1;;;;;;;;;;;;x
PROV98;失魂山脉 1;;;;;;;;;;;;x
PROV99;雪花镇;;;;;;;;;;;;x
PROV100;麋鹿海岸 2;;;;;;;;;;;;x
PROV101;失魂山脉;;;;;;;;;;;;x
PROV102;太阳神山脉 2;;;;;;;;;;;;x
PROV103;约尔特兰;;;;;;;;;;;;x
PROV104;Manty Bay 22;;;;;;;;;;;;x
PROV105;孔翅城 1;;;;;;;;;;;;x
PROV106;East Luna Ocean 2;;;;;;;;;;;;x
PROV107;失魂;;;;;;;;;;;;x
PROV108;Manty Bay 23;;;;;;;;;;;;x
PROV109;Manty Bay;;;;;;;;;;;;x
PROV110;门蒂溪 2;;;;;;;;;;;;x
PROV111;弗安廷;;;;;;;;;;;;x
PROV112;角森 1;;;;;;;;;;;;x
PROV113;霍文汉姆;;;;;;;;;;;;x
PROV114;门蒂溪;;;;;;;;;;;;x
PROV115;Manty Bay 24;;;;;;;;;;;;x
PROV116;Bagraza River;;;;;;;;;;;;x
PROV117;幻形灵峡湾 1;;;;;;;;;;;;x
PROV118;角森 2;;;;;;;;;;;;x
PROV119;雪山;;;;;;;;;;;;x
PROV120;West Luna Ocean;;;;;;;;;;;;x
PROV121;West Luna Ocean 22;;;;;;;;;;;;x
PROV122;Manty Bay 25;;;;;;;;;;;;x
PROV123;North Trotsas Gulf 1;;;;;;;;;;;;x
PROV124;干草乡;;;;;;;;;;;;x
PROV125;粉蠹城 1;;;;;;;;;;;;x
PROV126;孔翅城;;;;;;;;;;;;x
PROV127;弗安廷;;;;;;;;;;;;x
PROV128;Key Lake 3;;;;;;;;;;;;x
PROV129;角森 3;;;;;;;;;;;;x
PROV130;太阳神山脉 3;;;;;;;;;;;;x
PROV131;神秘丘 1;;;;;;;;;;;;x
PROV132;孔翅城 2;;;;;;;;;;;;x
PROV133;Central Trotsas Gulf;;;;;;;;;;;;x
PROV134;Altgreifsee 1;;;;;;;;;;;;x
PROV135;阿西纳;;;;;;;;;;;;x
PROV136;霜龙之地;;;;;;;;;;;;x
PROV137;粉蠹城 2;;;;;;;;;;;;x
PROV138;斯文霍尔姆;;;;;;;;;;;;x
PROV139;黑蚁;;;;;;;;;;;;x
PROV140;拉科利克斯;;;;;;;;;;;;x
PROV141;黑蚁;;;;;;;;;;;;x
PROV142;库洛瓦洛兰塔;;;;;;;;;;;;x
PROV143;狭窄森林;;;;;;;;;;;;x
PROV144;韦萨利波利斯 1;;;;;;;;;;;;x
PROV145;东之森 1;;;;;;;;;;;;x
PROV146;加迪斯;;;;;;;;;;;;x
PROV147;东之森;;;;;;;;;;;;x
PROV148;黑林 1;;;;;;;;;;;;x
PROV149;旁听 1;;;;;;;;;;;;x
PROV150;黑林 2;;;;;;;;;;;;x
PROV151;Luna Bay 1;;;;;;;;;;;;x
PROV152;戈拉克;;;;;;;;;;;;x
PROV153;North Trotsas Gulf;;;;;;;;;;;;x
PROV154;East Luna Ocean 3;;;;;;;;;;;;x
PROV155;East Luna Ocean 4;;;;;;;;;;;;x
PROV156;御浪堡 1;;;;;;;;;;;;x
PROV157;韦萨利波利斯;;;;;;;;;;;;x
PROV158;瓦克斯 1;;;;;;;;;;;;x
PROV159;韦萨利波利斯 2;;;;;;;;;;;;x
PROV160;亡命沼泽 1;;;;;;;;;;;;x
PROV161;Key Lake 4;;;;;;;;;;;;x
PROV162;海斯汀;;;;;;;;;;;;x
PROV163;Larodeo;;;;;;;;;;;;x
PROV164;韦萨利波利斯 3;;;;;;;;;;;;x
PROV165;御浪堡;;;;;;;;;;;;x
PROV166;旁听 2;;;;;;;;;;;;x
PROV167;亡命沼泽;;;;;;;;;;;;x
PROV168;步甲;;;;;;;;;;;;x
PROV169;瓦克斯 2;;;;;;;;;;;;x
PROV170;牦牛山脊;;;;;;;;;;;;x
PROV171;San Manetonia;;;;;;;;;;;;x
PROV172;近海浅滩;;;;;;;;;;;;x
PROV173;Oatslo;;;;;;;;;;;;x
PROV174;San Pose;;;;;;;;;;;;x
PROV175;Stockyardston;;;;;;;;;;;;x
PROV176;Luna Bay;;;;;;;;;;;;x
PROV177;瓦克斯;;;;;;;;;;;;x
PROV178;黑林 3;;;;;;;;;;;;x
PROV179;斯玛斯塔德;;;;;;;;;;;;x
PROV180;阿卡迪亚湾;;;;;;;;;;;;x
PROV181;托特尔;;;;;;;;;;;;x
PROV182;净纯;;;;;;;;;;;;x
PROV183;South Trotsas Gulf;;;;;;;;;;;;x
PROV184;大沼泽 1;;;;;;;;;;;;x
PROV185;克拉迪舒姆;;;;;;;;;;;;x
PROV186;坟场 1;;;;;;;;;;;;x
PROV187;Taillahassee;;;;;;;;;;;;x
PROV188;瓦克斯 3;;;;;;;;;;;;x
PROV189;托尔斯;;;;;;;;;;;;x
PROV190;Yucoltan Channel 1;;;;;;;;;;;;x
PROV191;三颿市;;;;;;;;;;;;x
PROV192;大沼泽 2;;;;;;;;;;;;x
PROV193;濒亡;;;;;;;;;;;;x
PROV194;温蹄华;;;;;;;;;;;;x
PROV195;野地 1;;;;;;;;;;;;x
PROV196;Stompanoag;;;;;;;;;;;;x
PROV197;西雅笃;;;;;;;;;;;;x
PROV198;白蹄;;;;;;;;;;;;x
PROV199;奥尔斯通;;;;;;;;;;;;x
PROV200;Pegasi Gulf;;;;;;;;;;;;x
PROV201;Ashtepihayle;;;;;;;;;;;;x
PROV202;Oregano;;;;;;;;;;;;x
PROV203;凯特沼泽 1;;;;;;;;;;;;x
PROV204;Chattahoofchee;;;;;;;;;;;;x
PROV205;圣·帕洛米诺沙漠;;;;;;;;;;;;x
PROV206;哀恸海岸 1;;;;;;;;;;;;x
PROV207;East Luna Ocean;;;;;;;;;;;;x
PROV208;佛骊多;;;;;;;;;;;;x
PROV209;盐糊市;;;;;;;;;;;;x
PROV210;灵异方场 1;;;;;;;;;;;;x
PROV211;母亲地 1;;;;;;;;;;;;x
PROV212;East Arrowpeaks;;;;;;;;;;;;x
PROV213;凯特沼泽 2;;;;;;;;;;;;x
PROV214;Isle Seguro;;;;;;;;;;;;x
PROV215;菲尔弗兰克;;;;;;;;;;;;x
PROV216;坟场 2;;;;;;;;;;;;x
PROV217;野地 2;;;;;;;;;;;;x
PROV218;丝蛛城;;;;;;;;;;;;x
PROV219;马代纳;;;;;;;;;;;;x
PROV220;赫墨莱塔;;;;;;;;;;;;x
PROV221;Cowquitlam;;;;;;;;;;;;x
PROV222;坟场 3;;;;;;;;;;;;x
PROV223;野地 3;;;;;;;;;;;;x
PROV224;十字;;;;;;;;;;;;x
PROV225;Southeast Mango Gulf 1;;;;;;;;;;;;x
PROV226;Mangor;;;;;;;;;;;;x
PROV227;灌木镇;;;;;;;;;;;;x
PROV228;Great Salt Lick;;;;;;;;;;;;x
PROV229;Sacramaneto;;;;;;;;;;;;x
PROV230;上独角山脉;;;;;;;;;;;;x
PROV231;Wrangle;;;;;;;;;;;;x
PROV232;Foal Plain;;;;;;;;;;;;x
PROV233;Wilmaneton;;;;;;;;;;;;x
PROV234;Edmaneton;;;;;;;;;;;;x
PROV235;Neighgales;;;;;;;;;;;;x
PROV236;凯特沼泽 3;;;;;;;;;;;;x
PROV237;詹姆顿;;;;;;;;;;;;x
PROV238;Portails;;;;;;;;;;;;x
PROV239;大森林 1;;;;;;;;;;;;x
PROV240;独角山脉;;;;;;;;;;;;x
PROV241;索利斯 1;;;;;;;;;;;;x
PROV242;蜜酒度假村;;;;;;;;;;;;x
PROV243;哀恸海岸;;;;;;;;;;;;x
PROV244;水黾;;;;;;;;;;;;x
PROV245;白马市;;;;;;;;;;;;x
PROV246;大沼泽 3;;;;;;;;;;;;x
PROV247;Pegasi Gulf 1;;;;;;;;;;;;x
PROV248;Kahyonhowaneigh;;;;;;;;;;;;x
PROV249;Haykersfield;;;;;;;;;;;;x
PROV250;橡实堡;;;;;;;;;;;;x
PROV251;Trotverse City;;;;;;;;;;;;x
PROV252;Annahoofsett;;;;;;;;;;;;x
PROV253;Tukumookaru;;;;;;;;;;;;x
PROV254;Smokey Mountain;;;;;;;;;;;;x
PROV255;Manever;;;;;;;;;;;;x
PROV256;索利斯 2;;;;;;;;;;;;x
PROV257;波利斯塔德;;;;;;;;;;;;x
PROV258;South Snortora Desert;;;;;;;;;;;;x
PROV259;North Snortora Desert;;;;;;;;;;;;x
PROV260;大森林 2;;;;;;;;;;;;x
PROV261;斯瓦穆 1;;;;;;;;;;;;x
PROV262;Coldiak;;;;;;;;;;;;x
PROV263;Menomanee;;;;;;;;;;;;x
PROV264;多-尼达哈丁戈;;;;;;;;;;;;x
PROV265;白铃镇;;;;;;;;;;;;x
PROV266;Yucoltan Channel 2;;;;;;;;;;;;x
PROV267;Los Celestis;;;;;;;;;;;;x
PROV268;凯霍尔姆;;;;;;;;;;;;x
PROV269;松溪;;;;;;;;;;;;x
PROV270;大森林 3;;;;;;;;;;;;x
PROV271;蜜酒湖;;;;;;;;;;;;x
PROV272;Burrow;;;;;;;;;;;;x
PROV273;木梅林;;;;;;;;;;;;x
PROV274;Okeechobuff;;;;;;;;;;;;x
PROV275;Shetfield;;;;;;;;;;;;x
PROV276;椿象;;;;;;;;;;;;x
PROV277;天马维加斯;;;;;;;;;;;;x
PROV278;East Luna Ocean 5;;;;;;;;;;;;x
PROV279;Princesston upon Hull;;;;;;;;;;;;x
PROV280;彼岸丘;;;;;;;;;;;;x
PROV281;雪魔森林;;;;;;;;;;;;x
PROV282;东钥湖 1;;;;;;;;;;;;x
PROV283;Sheffoald;;;;;;;;;;;;x
PROV284;Peno;;;;;;;;;;;;x
PROV285;广阔泥沼 1;;;;;;;;;;;;x
PROV286;Key Lake;;;;;;;;;;;;x
PROV287;翼龙山丘;;;;;;;;;;;;x
PROV288;Diamond Lake 1;;;;;;;;;;;;x
PROV289;Cloven;;;;;;;;;;;;x
PROV290;Lethbridle;;;;;;;;;;;;x
PROV291;卷云城;;;;;;;;;;;;x
PROV292;屋棚;;;;;;;;;;;;x
PROV293;阿颜德;;;;;;;;;;;;x
PROV294;岩镇;;;;;;;;;;;;x
PROV295;Whitetail Woods;;;;;;;;;;;;x
PROV296;Fort Neighsworth;;;;;;;;;;;;x
PROV297;夏尔;;;;;;;;;;;;x
PROV298;Hufwanee;;;;;;;;;;;;x
PROV299;白尾;;;;;;;;;;;;x
PROV300;Steward;;;;;;;;;;;;x
PROV301;萝卜头镇;;;;;;;;;;;;x
PROV302;Oneighda;;;;;;;;;;;;x
PROV303;Chestermare;;;;;;;;;;;;x
PROV304;Bray;;;;;;;;;;;;x
PROV305;Leads;;;;;;;;;;;;x
PROV306;骈河城;;;;;;;;;;;;x
PROV307;Ruby Mountain;;;;;;;;;;;;x
PROV308;马彻斯特;;;;;;;;;;;;x
PROV309;安塔克斯;;;;;;;;;;;;x
PROV310;Arapahoof;;;;;;;;;;;;x
PROV311;Southwest Mango Gulf;;;;;;;;;;;;x
PROV312;马尔波萨;;;;;;;;;;;;x
PROV313;诡秘地;;;;;;;;;;;;x
PROV314;Tail;;;;;;;;;;;;x
PROV315;苹果鲁萨;;;;;;;;;;;;x
PROV316;Anacoltsia;;;;;;;;;;;;x
PROV317;Vermelonville;;;;;;;;;;;;x
PROV318;翁拉特 1;;;;;;;;;;;;x
PROV319;鞘翅;;;;;;;;;;;;x
PROV320;日光半岛;;;;;;;;;;;;x
PROV321;奥尔沙布;;;;;;;;;;;;x
PROV322;钻石之尘;;;;;;;;;;;;x
PROV323;Diamond Lake;;;;;;;;;;;;x
PROV324;Tailaha Ssi;;;;;;;;;;;;x
PROV325;哀悼要塞;;;;;;;;;;;;x
PROV326;Manechester;;;;;;;;;;;;x
PROV327;Wahorseshoe;;;;;;;;;;;;x
PROV328;桃子镇;;;;;;;;;;;;x
PROV329;Covreigntry;;;;;;;;;;;;x
PROV330;寂静沙丘;;;;;;;;;;;;x
PROV331;蜂窝果园;;;;;;;;;;;;x
PROV332;Yucoltan Channel 3;;;;;;;;;;;;x
PROV333;马彻斯特;;;;;;;;;;;;x
PROV334;Dragon Mountain;;;;;;;;;;;;x
PROV335;Marecopa;;;;;;;;;;;;x
PROV336;常青镇;;;;;;;;;;;;x
PROV337;Yucoltan Channel 4;;;;;;;;;;;;x
PROV338;White Gulf;;;;;;;;;;;;x
PROV339;Yuxwiakmane;;;;;;;;;;;;x
PROV340;母亲地 2;;;;;;;;;;;;x
PROV341;牧场;;;;;;;;;;;;x
PROV342;克洛-迪;;;;;;;;;;;;x
PROV343;芝蹄哥;;;;;;;;;;;;x
PROV344;Southeast Mango Gulf 2;;;;;;;;;;;;x
PROV345;翁拉特 2;;;;;;;;;;;;x
PROV346;翡翠山丘;;;;;;;;;;;;x
PROV347;More Ice 1;;;;;;;;;;;;x
PROV348;Muskoxgee;;;;;;;;;;;;x
PROV349;庞德罗莎;;;;;;;;;;;;x
PROV350;Bluebell Lake;;;;;;;;;;;;x
PROV351;努穆尔 1;;;;;;;;;;;;x
PROV352;Great Lakes 1;;;;;;;;;;;;x
PROV353;迷迭香镇;;;;;;;;;;;;x
PROV354;Yumare;;;;;;;;;;;;x
PROV355;马驹谷;;;;;;;;;;;;x
PROV356;Braydford;;;;;;;;;;;;x
PROV357;Edinbray;;;;;;;;;;;;x
PROV358;水晶乡;;;;;;;;;;;;x
PROV359;Great Ice Wall;;;;;;;;;;;;x
PROV360;Pegasus Pass;;;;;;;;;;;;x
PROV361;夹竹桃镇;;;;;;;;;;;;x
PROV362;Marebella;;;;;;;;;;;;x
PROV363;道奇城;;;;;;;;;;;;x
PROV364;Santa Neigh;;;;;;;;;;;;x
PROV365;Piscatailway;;;;;;;;;;;;x
PROV366;Fargoat;;;;;;;;;;;;x
PROV367;翁拉特;;;;;;;;;;;;x
PROV368;企鹅尼亚;;;;;;;;;;;;x
PROV369;蹄特兰;;;;;;;;;;;;x
PROV370;Southeast Mango Gulf;;;;;;;;;;;;x
PROV371;Haynderson;;;;;;;;;;;;x
PROV372;努穆尔;;;;;;;;;;;;x
PROV373;Gulf of Mango;;;;;;;;;;;;x
PROV374;Cincinneighti;;;;;;;;;;;;x
PROV375;黑刺;;;;;;;;;;;;x
PROV376;Coltorado Springs;;;;;;;;;;;;x
PROV377;Lake Marechigan;;;;;;;;;;;;x
PROV378;北牦牛山脊 1;;;;;;;;;;;;x
PROV379;牦牛山脊 1;;;;;;;;;;;;x
PROV380;Pebble City;;;;;;;;;;;;x
PROV381;冬之屋;;;;;;;;;;;;x
PROV382;Whinnymucca;;;;;;;;;;;;x
PROV383;魁蹶克;;;;;;;;;;;;x
PROV384;坎特因;;;;;;;;;;;;x
PROV385;米娅摩;;;;;;;;;;;;x
PROV386;蹄灵顿;;;;;;;;;;;;x
PROV387;天堑峡谷;;;;;;;;;;;;x
PROV388;North Yak Range;;;;;;;;;;;;x
PROV389;马蹄城;;;;;;;;;;;;x
PROV390;Western Pegasus Range;;;;;;;;;;;;x
PROV391;Somehow Even More Ice 1;;;;;;;;;;;;x
PROV392;Marehead;;;;;;;;;;;;x
PROV393;Indianeighpolis;;;;;;;;;;;;x
PROV394;希望谷;;;;;;;;;;;;x
PROV395;三不管;;;;;;;;;;;;x
PROV396;Mooluth;;;;;;;;;;;;x
PROV397;Marecelona;;;;;;;;;;;;x
PROV398;Elk;;;;;;;;;;;;x
PROV399;South Yak Valley;;;;;;;;;;;;x
PROV400;夏日谷;;;;;;;;;;;;x
PROV401;Airras;;;;;;;;;;;;x
PROV402;彗星岬;;;;;;;;;;;;x
PROV403;Plotsdam;;;;;;;;;;;;x
PROV404;云中城;;;;;;;;;;;;x
PROV405;Manekato;;;;;;;;;;;;x
PROV406;威塞兰蒂亚 1;;;;;;;;;;;;x
PROV407;蹄勒嘉伦;;;;;;;;;;;;x
PROV408;Big Rock;;;;;;;;;;;;x
PROV409;Yet More Ice 1;;;;;;;;;;;;x
PROV410;North Yak Valley;;;;;;;;;;;;x
PROV411;Coltus Christi;;;;;;;;;;;;x
PROV412;Gallopway;;;;;;;;;;;;x
PROV413;水晶兀鲁思;;;;;;;;;;;;x
PROV414;Yucoltan Channel 5;;;;;;;;;;;;x
PROV415;Foalton;;;;;;;;;;;;x
PROV416;寡趣;;;;;;;;;;;;x
PROV417;厩边城;;;;;;;;;;;;x
PROV418;河池镇;;;;;;;;;;;;x
PROV419;Des Manes;;;;;;;;;;;;x
PROV420;Hay Creek;;;;;;;;;;;;x
PROV421;Alicorcon;;;;;;;;;;;;x
PROV422;盖里普瑞;;;;;;;;;;;;x
PROV423;Saladmanca;;;;;;;;;;;;x
PROV424;Lexmaneton;;;;;;;;;;;;x
PROV425;Pearville;;;;;;;;;;;;x
PROV426;Foal;;;;;;;;;;;;x
PROV427;Yucoltan Channel 6;;;;;;;;;;;;x
PROV428;尔纳格乌尔;;;;;;;;;;;;x
PROV429;Lafoalette;;;;;;;;;;;;x
PROV430;Moolins;;;;;;;;;;;;x
PROV431;Ponyville Plains;;;;;;;;;;;;x
PROV432;心之居;;;;;;;;;;;;x
PROV433;威塞兰蒂亚 2;;;;;;;;;;;;x
PROV434;暖水;;;;;;;;;;;;x
PROV435;Green Hay;;;;;;;;;;;;x
PROV436;Grainada;;;;;;;;;;;;x
PROV437;Canterlot Pass;;;;;;;;;;;;x
PROV438;扎尔马雷 2;;;;;;;;;;;;x
PROV439;阿里温·鄂尔登;;;;;;;;;;;;x
PROV440;Braysilia;;;;;;;;;;;;x
PROV441;名流谷;;;;;;;;;;;;x
PROV442;小马镇;;;;;;;;;;;;x
PROV443;温尼波利斯;;;;;;;;;;;;x
PROV444;冷焰;;;;;;;;;;;;x
PROV445;乌兰巴奎 1;;;;;;;;;;;;x
PROV446;赭驹;;;;;;;;;;;;x
PROV447;Yucoltan Channel 7;;;;;;;;;;;;x
PROV448;Ice 1;;;;;;;;;;;;x
PROV449;Marequette;;;;;;;;;;;;x
PROV450;赛罕城;;;;;;;;;;;;x
PROV451;多雨低地;;;;;;;;;;;;x
PROV452;Pamponya;;;;;;;;;;;;x
PROV453;泥蛙沼泽;;;;;;;;;;;;x
PROV454;雪墓镇;;;;;;;;;;;;x
PROV455;Buckcastle;;;;;;;;;;;;x
PROV456;Braycine;;;;;;;;;;;;x
PROV457;North Canterlot;;;;;;;;;;;;x
PROV458;Foaletteville;;;;;;;;;;;;x
PROV459;Yucoltan Channel 8;;;;;;;;;;;;x
PROV460;Yucoltan Channel;;;;;;;;;;;;x
PROV461;Ice 2;;;;;;;;;;;;x
PROV462;Deerborn;;;;;;;;;;;;x
PROV463;相拥屯;;;;;;;;;;;;x
PROV464;烈酒川;;;;;;;;;;;;x
PROV465;麦金塔山脉;;;;;;;;;;;;x
PROV466;无极峰;;;;;;;;;;;;x
PROV467;Alicorn Arbor;;;;;;;;;;;;x
PROV468;冰封废墟;;;;;;;;;;;;x
PROV469;Coatzacoltcos;;;;;;;;;;;;x
PROV470;Canterlot Foothills;;;;;;;;;;;;x
PROV471;波特兰;;;;;;;;;;;;x
PROV472;紫晶;;;;;;;;;;;;x
PROV473;萨卡尔莫约特尔;;;;;;;;;;;;x
PROV474;Unicoruna;;;;;;;;;;;;x
PROV475;苦梅镇;;;;;;;;;;;;x
PROV476;Blinder;;;;;;;;;;;;x
PROV477;两姐妹城堡;;;;;;;;;;;;x
PROV478;Gollig Khuvaakh;;;;;;;;;;;;x
PROV479;牦熊界区;;;;;;;;;;;;x
PROV480;科里达格夫萨;;;;;;;;;;;;x
PROV481;Peonia;;;;;;;;;;;;x
PROV482;巨石屯;;;;;;;;;;;;x
PROV483;扬马延;;;;;;;;;;;;x
PROV484;Maneresa;;;;;;;;;;;;x
PROV485;Tepoztopilli;;;;;;;;;;;;x
PROV486;Hayvana;;;;;;;;;;;;x
PROV487;奇尔乔莫利;;;;;;;;;;;;x
PROV488;Canters;;;;;;;;;;;;x
PROV489;Old Rottendedam;;;;;;;;;;;;x
PROV490;East Badlands;;;;;;;;;;;;x
PROV491;马尔薇;;;;;;;;;;;;x
PROV492;小马街;;;;;;;;;;;;x
PROV493;Ayacatchtli;;;;;;;;;;;;x
PROV494;Coltmar;;;;;;;;;;;;x
PROV495;Marecelona;;;;;;;;;;;;x
PROV496;Milwaucolt;;;;;;;;;;;;x
PROV497;Great Lakes 2;;;;;;;;;;;;x
PROV498;岩桥;;;;;;;;;;;;x
PROV499;Foal Mountain;;;;;;;;;;;;x
PROV500;施德加萨 1;;;;;;;;;;;;x
PROV501;郭勒古尔;;;;;;;;;;;;x
PROV502;Foalencia;;;;;;;;;;;;x
PROV503;Ice Fields 1;;;;;;;;;;;;x
PROV504;威塞兰蒂亚;;;;;;;;;;;;x
PROV505;More Ice 2;;;;;;;;;;;;x
PROV506;水晶兀鲁思;;;;;;;;;;;;x
PROV507;无边山脊;;;;;;;;;;;;x
PROV508;Great Lakes 3;;;;;;;;;;;;x
PROV509;Blinker;;;;;;;;;;;;x
PROV510;贝尔斯;;;;;;;;;;;;x
PROV511;Yukka;;;;;;;;;;;;x
PROV512;阿卡马皮奇特利丛林;;;;;;;;;;;;x
PROV513;Manechenstein;;;;;;;;;;;;x
PROV514;露娜-德孔波斯特拉;;;;;;;;;;;;x
PROV515;狼刺;;;;;;;;;;;;x
PROV516;Agartha;;;;;;;;;;;;x
PROV517;Cacahuatl;;;;;;;;;;;;x
PROV518;Endless Ice 1;;;;;;;;;;;;x
PROV519;Tepozcactli;;;;;;;;;;;;x
PROV520;马恩斯伯里;;;;;;;;;;;;x
PROV521;啼亚加拉大瀑布;;;;;;;;;;;;x
PROV522;草籽沼泽;;;;;;;;;;;;x
PROV523;石英山麓;;;;;;;;;;;;x
PROV524;Yeteotlac;;;;;;;;;;;;x
PROV525;水晶城;;;;;;;;;;;;x
PROV526;大海雀高原;;;;;;;;;;;;x
PROV527;Ponevedra;;;;;;;;;;;;x
PROV528;Barn;;;;;;;;;;;;x
PROV529;Mysterious Ice 1;;;;;;;;;;;;x
PROV530;Endless Ice 2;;;;;;;;;;;;x
PROV531;卡斯喀格;;;;;;;;;;;;x
PROV532;水晶山脉;;;;;;;;;;;;x
PROV533;Scamperton;;;;;;;;;;;;x
PROV534;White Gulf 1;;;;;;;;;;;;x
PROV535;马特罗坦桑斯;;;;;;;;;;;;x
PROV536;嘶顿;;;;;;;;;;;;x
PROV537;Ralneigh;;;;;;;;;;;;x
PROV538;奇那米塔;;;;;;;;;;;;x
PROV539;菲特洛克;;;;;;;;;;;;x
PROV540;Azucartitlan;;;;;;;;;;;;x
PROV541;Mancohtitlan;;;;;;;;;;;;x
PROV542;Balelefeld;;;;;;;;;;;;x
PROV543;阿克索莫利;;;;;;;;;;;;x
PROV544;Coltumbus;;;;;;;;;;;;x
PROV545;四月果园;;;;;;;;;;;;x
PROV546;施德加萨 2;;;;;;;;;;;;x
PROV547;Interneightional Falls;;;;;;;;;;;;x
PROV548;Neightona;;;;;;;;;;;;x
PROV549;林荫镇;;;;;;;;;;;;x
PROV550;波多卡贝骆;;;;;;;;;;;;x
PROV551;Great Lakes 4;;;;;;;;;;;;x
PROV552;马奈加扎尔;;;;;;;;;;;;x
PROV553;Ponn;;;;;;;;;;;;x
PROV554;红核;;;;;;;;;;;;x
PROV555;图拉汉;;;;;;;;;;;;x
PROV556;Guantanamoo;;;;;;;;;;;;x
PROV557;Saltinas;;;;;;;;;;;;x
PROV558;Geneighva;;;;;;;;;;;;x
PROV559;Eclipse Gulf;;;;;;;;;;;;x
PROV560;Indianafoalis;;;;;;;;;;;;x
PROV561;特基斯基克;;;;;;;;;;;;x
PROV562;Cuetzpallitzli;;;;;;;;;;;;x
PROV563;Ilhuica Atentli;;;;;;;;;;;;x
PROV564;晴空浅滩;;;;;;;;;;;;x
PROV565;Nokhorshag Oi;;;;;;;;;;;;x
PROV566;阿姆德拉尔·努尔 1;;;;;;;;;;;;x
PROV567;炫彩瀑布;;;;;;;;;;;;x
PROV568;Yucoltan Channel 9;;;;;;;;;;;;x
PROV569;Mazaxocotl;;;;;;;;;;;;x
PROV570;阿姆德拉尔·努尔 2;;;;;;;;;;;;x
PROV571;New Braunfoals;;;;;;;;;;;;x
PROV572;Angelless Forest;;;;;;;;;;;;x
PROV573;赛罕托加 1;;;;;;;;;;;;x
PROV574;阿姆德拉尔·努尔 3;;;;;;;;;;;;x
PROV575;新马尔良;;;;;;;;;;;;x
PROV576;Moonich;;;;;;;;;;;;x
PROV577;Cuauhyohuacatla;;;;;;;;;;;;x
PROV578;Tzinacan;;;;;;;;;;;;x
PROV579;察萨巴托;;;;;;;;;;;;x
PROV580;南域;;;;;;;;;;;;x
PROV581;Tepecoyoctli;;;;;;;;;;;;x
PROV582;马里达;;;;;;;;;;;;x
PROV583;库卢卢;;;;;;;;;;;;x
PROV584;驰蹄原野;;;;;;;;;;;;x
PROV585;赛罕托加;;;;;;;;;;;;x
PROV586;Yucoltan Channel 10;;;;;;;;;;;;x
PROV587;Khanty-Manesisk;;;;;;;;;;;;x
PROV588;玻雷吉镇;;;;;;;;;;;;x
PROV589;彩虹瀑布;;;;;;;;;;;;x
PROV590;Plottsburgh;;;;;;;;;;;;x
PROV591;White Gulf 2;;;;;;;;;;;;x
PROV592;Oneighga;;;;;;;;;;;;x
PROV593;巴拉多;;;;;;;;;;;;x
PROV594;Mexicolti;;;;;;;;;;;;x
PROV595;North Cannibal Mountains;;;;;;;;;;;;x
PROV596;吠城;;;;;;;;;;;;x
PROV597;Sugarcuse;;;;;;;;;;;;x
PROV598;Montebray;;;;;;;;;;;;x
PROV599;Rocky Bay 1;;;;;;;;;;;;x
PROV600;Iyacxihuitl;;;;;;;;;;;;x
PROV601;Tlachiyalitzliyohualtica;;;;;;;;;;;;x
PROV602;Mareijampole;;;;;;;;;;;;x
PROV603;冰霜山脉;;;;;;;;;;;;x
PROV604;阿蒙森;;;;;;;;;;;;x
PROV605;Gallop;;;;;;;;;;;;x
PROV606;Reignfelden;;;;;;;;;;;;x
PROV607;达尔马谷;;;;;;;;;;;;x
PROV608;Great Lakes 5;;;;;;;;;;;;x
PROV609;Clopeda;;;;;;;;;;;;x
PROV610;Rocky Bay 2;;;;;;;;;;;;x
PROV611;Xochicualli;;;;;;;;;;;;x
PROV612;Alicorntown;;;;;;;;;;;;x
PROV613;晴朗天空;;;;;;;;;;;;x
PROV614;Ranchington Beach;;;;;;;;;;;;x
PROV615;花环;;;;;;;;;;;;x
PROV616;鄂音堡;;;;;;;;;;;;x
PROV617;Murmanesk;;;;;;;;;;;;x
PROV618;东羔加索;;;;;;;;;;;;x
PROV619;Saltyillo;;;;;;;;;;;;x
PROV620;特诺奇提特兰;;;;;;;;;;;;x
PROV621;拜考尔;;;;;;;;;;;;x
PROV622;毛牛浩特;;;;;;;;;;;;x
PROV623;Neigh York Bay 1;;;;;;;;;;;;x
PROV624;无尽之森;;;;;;;;;;;;x
PROV625;特骜西法尼亚;;;;;;;;;;;;x
PROV626;温尼伯;;;;;;;;;;;;x
PROV627;莫迪亨迪;;;;;;;;;;;;x
PROV628;乌林格里芬 1;;;;;;;;;;;;x
PROV629;Yucoltan Channel 11;;;;;;;;;;;;x
PROV630;Horseham;;;;;;;;;;;;x
PROV631;Maredrid;;;;;;;;;;;;x
PROV632;兰迪什平原;;;;;;;;;;;;x
PROV633;扎奎雅惠塔;;;;;;;;;;;;x
PROV634;特诺塔赞特里;;;;;;;;;;;;x
PROV635;Marrisburg;;;;;;;;;;;;x
PROV636;Somehow Even More Ice 2;;;;;;;;;;;;x
PROV637;弗里斯镇;;;;;;;;;;;;x
PROV638;Saltiago;;;;;;;;;;;;x
PROV639;薄雾山丘;;;;;;;;;;;;x
PROV640;霜岭;;;;;;;;;;;;x
PROV641;盐鬃城;;;;;;;;;;;;x
PROV642;Birmaneham;;;;;;;;;;;;x
PROV643;伊斯塔潘;;;;;;;;;;;;x
PROV644;巴尔的马;;;;;;;;;;;;x
PROV645;乌林格里芬 2;;;;;;;;;;;;x
PROV646;马利诺夫卡;;;;;;;;;;;;x
PROV647;苞米萨;;;;;;;;;;;;x
PROV648;Ladimir;;;;;;;;;;;;x
PROV649;南之角;;;;;;;;;;;;x
PROV650;Cehuallotitlan;;;;;;;;;;;;x
PROV651;Horseshoe Bay;;;;;;;;;;;;x
PROV652;灰马湾;;;;;;;;;;;;x
PROV653;Germanetown;;;;;;;;;;;;x
PROV654;积云;;;;;;;;;;;;x
PROV655;昂首城;;;;;;;;;;;;x
PROV656;Great Lakes 6;;;;;;;;;;;;x
PROV657;Stompa;;;;;;;;;;;;x
PROV658;Coltchester;;;;;;;;;;;;x
PROV659;Delamare Bay;;;;;;;;;;;;x
PROV660;Delamare;;;;;;;;;;;;x
PROV661;层云堡;;;;;;;;;;;;x
PROV662;旁边;;;;;;;;;;;;x
PROV663;Horseshoe Bay 1;;;;;;;;;;;;x
PROV664;蹄踏镇;;;;;;;;;;;;x
PROV665;Marajevo;;;;;;;;;;;;x
PROV666;Rose Forest 1;;;;;;;;;;;;x
PROV667;盐汀汉;;;;;;;;;;;;x
PROV668;新查努斯克;;;;;;;;;;;;x
PROV669;扎亚茨克;;;;;;;;;;;;x
PROV670;扎尔马雷;;;;;;;;;;;;x
PROV671;Great Lakes 7;;;;;;;;;;;;x
PROV672;Brayansk;;;;;;;;;;;;x
PROV673;Horseolulu;;;;;;;;;;;;x
PROV674;夏野;;;;;;;;;;;;x
PROV675;Petrofoalovsk;;;;;;;;;;;;x
PROV676;Yucoltan Channel 12;;;;;;;;;;;;x
PROV677;温泉群岛;;;;;;;;;;;;x
PROV678;Ponevezys;;;;;;;;;;;;x
PROV679;圭多诺瓦;;;;;;;;;;;;x
PROV680;Yucoltan Channel 13;;;;;;;;;;;;x
PROV681;Neigh York Bay;;;;;;;;;;;;x
PROV682;克鲁普基诺;;;;;;;;;;;;x
PROV683;Clopyvnytskyl;;;;;;;;;;;;x
PROV684;拉希詹马内;;;;;;;;;;;;x
PROV685;Pearugia;;;;;;;;;;;;x
PROV686;布朗克林;;;;;;;;;;;;x
PROV687;Horstead;;;;;;;;;;;;x
PROV688;Mooscow;;;;;;;;;;;;x
PROV689;蹄特律;;;;;;;;;;;;x
PROV690;木伦;;;;;;;;;;;;x
PROV691;Kamtrotsky;;;;;;;;;;;;x
PROV692;Sevastopon;;;;;;;;;;;;x
PROV693;Princessyn;;;;;;;;;;;;x
PROV694;斯派克镇;;;;;;;;;;;;x
PROV695;Ponkers;;;;;;;;;;;;x
PROV696;Great Lakes 8;;;;;;;;;;;;x
PROV697;克鲁普基诺;;;;;;;;;;;;x
PROV698;Summer Isles;;;;;;;;;;;;x
PROV699;幼鸮地;;;;;;;;;;;;x
PROV700;南森;;;;;;;;;;;;x
PROV701;Western Kingsmere 1;;;;;;;;;;;;x
PROV702;虚幻地;;;;;;;;;;;;x
PROV703;Western Kingsmere 2;;;;;;;;;;;;x
PROV704;Neigh York Bay 2;;;;;;;;;;;;x
PROV705;Ivano-Flankivsk;;;;;;;;;;;;x
PROV706;Maroslavl;;;;;;;;;;;;x
PROV707;Sutrotki;;;;;;;;;;;;x
PROV708;Neighvi Pazar;;;;;;;;;;;;x
PROV709;克勒河谷 1;;;;;;;;;;;;x
PROV710;Yucoltan Channel 14;;;;;;;;;;;;x
PROV711;蔓越莓沼泽;;;;;;;;;;;;x
PROV712;Hay City;;;;;;;;;;;;x
PROV713;科比尔基诺;;;;;;;;;;;;x
PROV714;洛沙茨克;;;;;;;;;;;;x
PROV715;Town With No Name;;;;;;;;;;;;x
PROV716;马哈顿;;;;;;;;;;;;x
PROV717;金发;;;;;;;;;;;;x
PROV718;Yucoltan Channel 15;;;;;;;;;;;;x
PROV719;克勒浩特;;;;;;;;;;;;x
PROV720;克勒河谷 2;;;;;;;;;;;;x
PROV721;扎尔马雷 3;;;;;;;;;;;;x
PROV722;Grazan;;;;;;;;;;;;x
PROV723;孔赞;;;;;;;;;;;;x
PROV724;白雪山脉;;;;;;;;;;;;x
PROV725;Neighwark;;;;;;;;;;;;x
PROV726;虚幻地;;;;;;;;;;;;x
PROV727;Oa'hay;;;;;;;;;;;;x
PROV728;亚兹蹄;;;;;;;;;;;;x
PROV729;Horseshoe Bay 2;;;;;;;;;;;;x
PROV730;莱温霍姆;;;;;;;;;;;;x
PROV731;Foalensk;;;;;;;;;;;;x
PROV732;Starry Zagora;;;;;;;;;;;;x
PROV733;红心;;;;;;;;;;;;x
PROV734;Bunnois;;;;;;;;;;;;x
PROV735;赫尔曼施塔特;;;;;;;;;;;;x
PROV736;坎特伯雷;;;;;;;;;;;;x
PROV737;木炭森林;;;;;;;;;;;;x
PROV738;湖畔谷 1;;;;;;;;;;;;x
PROV739;斯维尔德鲁普;;;;;;;;;;;;x
PROV740;Yucoltan Channel 16;;;;;;;;;;;;x
PROV741;克拉西夫斯克;;;;;;;;;;;;x
PROV742;Oatdessa;;;;;;;;;;;;x
PROV743;蜜糖市;;;;;;;;;;;;x
PROV744;Daugavfoals;;;;;;;;;;;;x
PROV745;波尔多;;;;;;;;;;;;x
PROV746;Rocky Bay 3;;;;;;;;;;;;x
PROV747;Oatsijek;;;;;;;;;;;;x
PROV748;Samarea;;;;;;;;;;;;x
PROV749;Horseshoe Bay 3;;;;;;;;;;;;x
PROV750;林镇;;;;;;;;;;;;x
PROV751;Stary Ponor;;;;;;;;;;;;x
PROV752;扎尔马雷 4;;;;;;;;;;;;x
PROV753;Great Lakes 9;;;;;;;;;;;;x
PROV754;Northeast Snowy Mountains;;;;;;;;;;;;x
PROV755;菲德施塔特;;;;;;;;;;;;x
PROV756;吉赛达港;;;;;;;;;;;;x
PROV757;扎尔马雷 5;;;;;;;;;;;;x
PROV758;英斯塔;;;;;;;;;;;;x
PROV759;雪之谷;;;;;;;;;;;;x
PROV760;马尔良;;;;;;;;;;;;x
PROV761;Mahlicow;;;;;;;;;;;;x
PROV762;斯塔夫罗波恩;;;;;;;;;;;;x
PROV763;Mareiupol;;;;;;;;;;;;x
PROV764;扎德帕多沃;;;;;;;;;;;;x
PROV765;Pearnik;;;;;;;;;;;;x
PROV766;Oreignburg;;;;;;;;;;;;x
PROV767;Hoofia;;;;;;;;;;;;x
PROV768;Rocky Bay;;;;;;;;;;;;x
PROV769;湖畔谷 2;;;;;;;;;;;;x
PROV770;Great Lakes 10;;;;;;;;;;;;x
PROV771;Rudeigin A Tha Sin 1;;;;;;;;;;;;x
PROV772;巨龙山;;;;;;;;;;;;x
PROV773;许事高地;;;;;;;;;;;;x
PROV774;寒翼;;;;;;;;;;;;x
PROV775;Rostov-on-Pon;;;;;;;;;;;;x
PROV776;林镇;;;;;;;;;;;;x
PROV777;马尼加尔;;;;;;;;;;;;x
PROV778;Great Lakes 11;;;;;;;;;;;;x
PROV779;扎尔马雷 6;;;;;;;;;;;;x
PROV780;Bleatislava;;;;;;;;;;;;x
PROV781;龙族海岸;;;;;;;;;;;;x
PROV782;Neigh York Bay 3;;;;;;;;;;;;x
PROV783;彼得蹄;;;;;;;;;;;;x
PROV784;Niuew Mirabelle;;;;;;;;;;;;x
PROV785;阿尔比昂;;;;;;;;;;;;x
PROV786;遥北村;;;;;;;;;;;;x
PROV787;Into the Unknown 1;;;;;;;;;;;;x
PROV788;Chewnogorsk;;;;;;;;;;;;x
PROV789;Neigh York Bay 4;;;;;;;;;;;;x
PROV790;Simferopon;;;;;;;;;;;;x
PROV791;Chornomaresk;;;;;;;;;;;;x
PROV792;Plotdiv;;;;;;;;;;;;x
PROV793;斯奎尔特拉;;;;;;;;;;;;x
PROV794;尖穗北境;;;;;;;;;;;;x
PROV795;Yucoltan Channel 17;;;;;;;;;;;;x
PROV796;Yucoltan Channel 18;;;;;;;;;;;;x
PROV797;鸦文斯科耶;;;;;;;;;;;;x
PROV798;Braysov;;;;;;;;;;;;x
PROV799;冰封北地 1;;;;;;;;;;;;x
PROV800;Neighva Bay;;;;;;;;;;;;x
PROV801;比约恩霍尔姆 1;;;;;;;;;;;;x
PROV802;鸟喙地区 1;;;;;;;;;;;;x
PROV803;比约恩霍尔姆 2;;;;;;;;;;;;x
PROV804;椰子林;;;;;;;;;;;;x
PROV805;史矛革岛;;;;;;;;;;;;x
PROV806;Barnja Luka;;;;;;;;;;;;x
PROV807;鸟喙地区 2;;;;;;;;;;;;x
PROV808;西雷兹;;;;;;;;;;;;x
PROV809;海哈 1;;;;;;;;;;;;x
PROV810;撒里干;;;;;;;;;;;;x
PROV811;撒里干 1;;;;;;;;;;;;x
PROV812;Yucoltan Channel 19;;;;;;;;;;;;x
PROV813;Nokotasibirsk;;;;;;;;;;;;x
PROV814;Neighva Bay 1;;;;;;;;;;;;x
PROV815;特洛塔巴德;;;;;;;;;;;;x
PROV816;阿布菲利亚;;;;;;;;;;;;x
PROV817;驹特库克;;;;;;;;;;;;x
PROV818;Great Lakes 12;;;;;;;;;;;;x
PROV819;海市蜃城;;;;;;;;;;;;x
PROV820;Oatney;;;;;;;;;;;;x
PROV821;鸟喙地区 3;;;;;;;;;;;;x
PROV822;Neighva Bay 2;;;;;;;;;;;;x
PROV823;海哈;;;;;;;;;;;;x
PROV824;Rudeigin A Tha Sin 2;;;;;;;;;;;;x
PROV825;比约恩霍尔姆 3;;;;;;;;;;;;x
PROV826;Ny Winghaven;;;;;;;;;;;;x
PROV827;Harness;;;;;;;;;;;;x
PROV828;维特 1;;;;;;;;;;;;x
PROV829;艾特-本萨拉吉;;;;;;;;;;;;x
PROV830;索姆兰;;;;;;;;;;;;x
PROV831;东方岛;;;;;;;;;;;;x
PROV832;格林施泰因;;;;;;;;;;;;x
PROV833;Stardust Islands 2;;;;;;;;;;;;x
PROV834;驼丁汉;;;;;;;;;;;;x
PROV835;迦特拉克;;;;;;;;;;;;x
PROV836;Ice Fields 2;;;;;;;;;;;;x
PROV837;新克罗纳;;;;;;;;;;;;x
PROV838;撒里干 2;;;;;;;;;;;;x
PROV839;Great Lakes 13;;;;;;;;;;;;x
PROV840;马阿喀什;;;;;;;;;;;;x
PROV841;新天鹰城;;;;;;;;;;;;x
PROV842;Great Lakes 14;;;;;;;;;;;;x
PROV843;碎骨地 1;;;;;;;;;;;;x
PROV844;Stardust Islands 3;;;;;;;;;;;;x
PROV845;Shetfield;;;;;;;;;;;;x
PROV846;杜里山脉;;;;;;;;;;;;x
PROV847;Great Lakes 15;;;;;;;;;;;;x
PROV848;Clovenland;;;;;;;;;;;;x
PROV849;撒里干 3;;;;;;;;;;;;x
PROV850;特洛塔德拉;;;;;;;;;;;;x
PROV851;伽兹马;;;;;;;;;;;;x
PROV852;新天鹰城;;;;;;;;;;;;x
PROV853;贾夫马;;;;;;;;;;;;x
PROV854;海哈 2;;;;;;;;;;;;x
PROV855;托洛吉尔;;;;;;;;;;;;x
PROV856;Poniesborough;;;;;;;;;;;;x
PROV857;阿兹卡班;;;;;;;;;;;;x
PROV858;Stardust Islands 4;;;;;;;;;;;;x
PROV859;Rocky Sea;;;;;;;;;;;;x
PROV860;Eastern Pegasus Range;;;;;;;;;;;;x
PROV861;Griffing Straits 1;;;;;;;;;;;;x
PROV862;扎尔马雷 7;;;;;;;;;;;;x
PROV863;纳杰加洛普;;;;;;;;;;;;x
PROV864;Western Unknown Sea;;;;;;;;;;;;x
PROV865;蹶加;;;;;;;;;;;;x
PROV866;Rocky Sea 1;;;;;;;;;;;;x
PROV867;塔菲拉勒特;;;;;;;;;;;;x
PROV868;阿加迪尔;;;;;;;;;;;;x
PROV869;维特 2;;;;;;;;;;;;x
PROV870;Horswaii;;;;;;;;;;;;x
PROV871;马阿喀什 1;;;;;;;;;;;;x
PROV872;泽克西德赫尔;;;;;;;;;;;;x
PROV873;沙纳兹迪;;;;;;;;;;;;x
PROV874;杰马尔塔;;;;;;;;;;;;x
PROV875;马瑟兹;;;;;;;;;;;;x
PROV876;维特 3;;;;;;;;;;;;x
PROV877;纳杰加洛普 1;;;;;;;;;;;;x
PROV878;安息日沙玛尔;;;;;;;;;;;;x
PROV879;阿尔达菲利;;;;;;;;;;;;x
PROV880;鬃里拉;;;;;;;;;;;;x
PROV881;马尔戈斯坦 1;;;;;;;;;;;;x
PROV882;Great Lakes 16;;;;;;;;;;;;x
PROV883;东部省;;;;;;;;;;;;x
PROV884;马拉鬃内尔;;;;;;;;;;;;x
PROV885;阿弗阿拉;;;;;;;;;;;;x
PROV886;伊勒蓬瓦;;;;;;;;;;;;x
PROV887;阿布马里什;;;;;;;;;;;;x
PROV888;羽毛群岛 1;;;;;;;;;;;;x
PROV889;Into the Unknown;;;;;;;;;;;;x
PROV890;鬃克内斯;;;;;;;;;;;;x
PROV891;Rocky Sea 2;;;;;;;;;;;;x
PROV892;纳尔亚兹德;;;;;;;;;;;;x
PROV893;加拉布;;;;;;;;;;;;x
PROV894;马尔戈斯坦 2;;;;;;;;;;;;x
PROV895;东部省 1;;;;;;;;;;;;x
PROV896;维特;;;;;;;;;;;;x
PROV897;马卡拉特;;;;;;;;;;;;x
PROV898;马拉鬃内尔 1;;;;;;;;;;;;x
PROV899;雅巴尔塔里克;;;;;;;;;;;;x
PROV900;雅巴尔塔里克 1;;;;;;;;;;;;x
PROV901;蹶卡拉 1;;;;;;;;;;;;x
PROV902;马拉鬃内尔 2;;;;;;;;;;;;x
PROV903;比沙;;;;;;;;;;;;x
PROV904;Seaquestria 1;;;;;;;;;;;;x
PROV905;沙姆巴迪曼;;;;;;;;;;;;x
PROV906;达瓦西尔;;;;;;;;;;;;x
PROV907;Seaquestria 2;;;;;;;;;;;;x
PROV908;加拉布 1;;;;;;;;;;;;x
PROV909;Northeast Rocky Sea;;;;;;;;;;;;x
PROV910;霍拉鬃巴德 1;;;;;;;;;;;;x
PROV911;沙依达;;;;;;;;;;;;x
PROV912;蹶卡拉;;;;;;;;;;;;x
PROV913;Griffing Straits;;;;;;;;;;;;x
PROV914;Great Lakes 17;;;;;;;;;;;;x
PROV915;霍拉鬃巴德;;;;;;;;;;;;x
PROV916;比沙 1;;;;;;;;;;;;x
PROV917;泰拉伊姆桑;;;;;;;;;;;;x
PROV918;Great Lakes 18;;;;;;;;;;;;x
PROV919;马卡拉特 1;;;;;;;;;;;;x
PROV920;羽毛群岛 2;;;;;;;;;;;;x
PROV921;雅巴尔塔里克 2;;;;;;;;;;;;x
PROV922;霍拉鬃巴德 2;;;;;;;;;;;;x
PROV923;Rocky Sea 3;;;;;;;;;;;;x
PROV924;扎尔马雷 8;;;;;;;;;;;;x
PROV925;苏赫马内 1;;;;;;;;;;;;x
PROV926;风语;;;;;;;;;;;;x
PROV927;科马夫;;;;;;;;;;;;x
PROV928;达瓦赛 1;;;;;;;;;;;;x
PROV929;蹄韦伊泽;;;;;;;;;;;;x
PROV930;Great Lakes 19;;;;;;;;;;;;x
PROV931;Great Lakes 20;;;;;;;;;;;;x
PROV932;玛萨布;;;;;;;;;;;;x
PROV933;Qasawmane;;;;;;;;;;;;x
PROV934;亚什特托斯;;;;;;;;;;;;x
PROV935;Eastern Unknown Sea;;;;;;;;;;;;x
PROV936;鬃兹瓦;;;;;;;;;;;;x
PROV937;霍拉鬃巴德 3;;;;;;;;;;;;x
PROV938;Trots;;;;;;;;;;;;x
PROV939;马尔木兹;;;;;;;;;;;;x
PROV940;Starcross Coast 1;;;;;;;;;;;;x
PROV941;Northeast Rocky Sea 1;;;;;;;;;;;;x
PROV942;东部省 2;;;;;;;;;;;;x
PROV943;苏赫马内;;;;;;;;;;;;x
PROV944;阿尔亚内马;;;;;;;;;;;;x
PROV945;Great Lakes 21;;;;;;;;;;;;x
PROV946;天际 1;;;;;;;;;;;;x
PROV947;Aljoun;;;;;;;;;;;;x
PROV948;鹰之港;;;;;;;;;;;;x
PROV949;天涯海角;;;;;;;;;;;;x
PROV950;夸特马尔;;;;;;;;;;;;x
PROV951;特罗克里特;;;;;;;;;;;;x
PROV952;Stardust Islands;;;;;;;;;;;;x
PROV953;亚卜曼埃因;;;;;;;;;;;;x
PROV954;Northeast Rocky Sea 2;;;;;;;;;;;;x
PROV955;卡尔布克拉;;;;;;;;;;;;x
PROV956;东部省 3;;;;;;;;;;;;x
PROV957;马斯卡特;;;;;;;;;;;;x
PROV958;雅巴尔特罗拜克;;;;;;;;;;;;x
PROV959;阿尔纳迪亚;;;;;;;;;;;;x
PROV960;奥沃巴德;;;;;;;;;;;;x
PROV961;托图巴 1;;;;;;;;;;;;x
PROV962;维特堡;;;;;;;;;;;;x
PROV963;Snalland-Kullbotten 1;;;;;;;;;;;;x
PROV964;亚卜曼埃因 1;;;;;;;;;;;;x
PROV965;天际;;;;;;;;;;;;x
PROV966;Skynavian Waters;;;;;;;;;;;;x
PROV967;特洛特兰;;;;;;;;;;;;x
PROV968;羽毛群岛 3;;;;;;;;;;;;x
PROV969;羽毛群岛 4;;;;;;;;;;;;x
PROV970;Maneorca;;;;;;;;;;;;x
PROV971;阿尔马内德;;;;;;;;;;;;x
PROV972;鞍德埃尔;;;;;;;;;;;;x
PROV973;Baleric Islands;;;;;;;;;;;;x
PROV974;特洛特巴斯 1;;;;;;;;;;;;x
PROV975;Great Lakes 22;;;;;;;;;;;;x
PROV976;冬堡;;;;;;;;;;;;x
PROV977;Kermaneshah 1;;;;;;;;;;;;x
PROV978;阿瓦勒;;;;;;;;;;;;x
PROV979;托图巴;;;;;;;;;;;;x
PROV980;托图巴 2;;;;;;;;;;;;x
PROV981;Great Lakes 23;;;;;;;;;;;;x
PROV982;船首港;;;;;;;;;;;;x
PROV983;Seaquestria 3;;;;;;;;;;;;x
PROV984;Kermaneshah 2;;;;;;;;;;;;x
PROV985;羽毛群岛 5;;;;;;;;;;;;x
PROV986;铁雪平;;;;;;;;;;;;x
PROV987;蹶泽特;;;;;;;;;;;;x
PROV988;贡费宰;;;;;;;;;;;;x
PROV989;鬃迪纳 1;;;;;;;;;;;;x
PROV990;天际 2;;;;;;;;;;;;x
PROV991;Seaquestria 4;;;;;;;;;;;;x
PROV992;特洛特巴斯 2;;;;;;;;;;;;x
PROV993;Great Lakes 24;;;;;;;;;;;;x
PROV994;特洛特巴斯;;;;;;;;;;;;x
PROV995;Sydvastland-Soderbotten 1;;;;;;;;;;;;x
PROV996;特洛特兰 1;;;;;;;;;;;;x
PROV997;卡托夫;;;;;;;;;;;;x
PROV998;基尔鬃沙赫;;;;;;;;;;;;x
PROV999;克洛比;;;;;;;;;;;;x
PROV1000;Sydvastland-Soderbotten 2;;;;;;;;;;;;x
PROV1001;欧杰马达 1;;;;;;;;;;;;x
PROV1002;托图巴 3;;;;;;;;;;;;x
PROV1003;Great Lakes 25;;;;;;;;;;;;x
PROV1004;穆雷;;;;;;;;;;;;x
PROV1005;Snalland-Kullbotten 2;;;;;;;;;;;;x
PROV1006;Jeddneighda;;;;;;;;;;;;x
PROV1007;罗斯特伦达;;;;;;;;;;;;x
PROV1008;天际纳维亚;;;;;;;;;;;;x
PROV1009;鬃迪纳;;;;;;;;;;;;x
PROV1010;托泰夫;;;;;;;;;;;;x
PROV1011;Seaquestria 5;;;;;;;;;;;;x
PROV1012;寒霜堡;;;;;;;;;;;;x
PROV1013;特洛特兰 2;;;;;;;;;;;;x
PROV1014;Northeast Rocky Sea 3;;;;;;;;;;;;x
PROV1015;Signaler's Hill;;;;;;;;;;;;x
PROV1016;驴基图;;;;;;;;;;;;x
PROV1017;Northeast Rocky Sea 4;;;;;;;;;;;;x
PROV1018;Starcross Coast;;;;;;;;;;;;x
PROV1019;欧杰马达;;;;;;;;;;;;x
PROV1020;Mulei 1;;;;;;;;;;;;x
PROV1021;Mulei 2;;;;;;;;;;;;x
PROV1022;顿克拉;;;;;;;;;;;;x
PROV1023;飞哥港;;;;;;;;;;;;x
PROV1024;Qurhoof 1;;;;;;;;;;;;x
PROV1025;Discovery Coast 1;;;;;;;;;;;;x
PROV1026;瑟马内 1;;;;;;;;;;;;x
PROV1027;马鲁斯;;;;;;;;;;;;x
PROV1028;Seaquestria 6;;;;;;;;;;;;x
PROV1029;Seaquestria 7;;;;;;;;;;;;x
PROV1030;瑟马内;;;;;;;;;;;;x
PROV1031;Aquileian Straits 1;;;;;;;;;;;;x
PROV1032;Great Lakes 26;;;;;;;;;;;;x
PROV1033;阿尔卡卜 1;;;;;;;;;;;;x
PROV1034;曼丁骘莱姆;;;;;;;;;;;;x
PROV1035;布坎;;;;;;;;;;;;x
PROV1036;欧杰马达 2;;;;;;;;;;;;x
PROV1037;雅巴尔舍迈尔 1;;;;;;;;;;;;x
PROV1038;布尔加达埃;;;;;;;;;;;;x
PROV1039;Great Lakes 27;;;;;;;;;;;;x
PROV1040;Hee-Hawtra 1;;;;;;;;;;;;x
PROV1041;Great Lakes 28;;;;;;;;;;;;x
PROV1042;Snalland-Kullbotten 3;;;;;;;;;;;;x
PROV1043;喵呜阿克;;;;;;;;;;;;x
PROV1044;涪尔泰;;;;;;;;;;;;x
PROV1045;毛拉拉;;;;;;;;;;;;x
PROV1046;萨姆瓦特 1;;;;;;;;;;;;x
PROV1047;奥纳格兰;;;;;;;;;;;;x
PROV1048;瑟马内 2;;;;;;;;;;;;x
PROV1049;雅巴尔舍迈尔;;;;;;;;;;;;x
PROV1050;诺丹堡;;;;;;;;;;;;x
PROV1051;博腾河 1;;;;;;;;;;;;x
PROV1052;Palmareston;;;;;;;;;;;;x
PROV1053;亚达蹶克兰;;;;;;;;;;;;x
PROV1054;欧斯特弗洛伊;;;;;;;;;;;;x
PROV1055;亚述;;;;;;;;;;;;x
PROV1056;Aquileian Straits 2;;;;;;;;;;;;x
PROV1057;Hee-Hawtra 2;;;;;;;;;;;;x
PROV1058;里福特奥夫 1;;;;;;;;;;;;x
PROV1059;鸿运港;;;;;;;;;;;;x
PROV1060;Qurhoof 2;;;;;;;;;;;;x
PROV1061;哈尔姆斯塔德;;;;;;;;;;;;x
PROV1062;撒得哈拉 1;;;;;;;;;;;;x
PROV1063;Northeast Rocky Sea 5;;;;;;;;;;;;x
PROV1064;萨姆瓦特;;;;;;;;;;;;x
PROV1065;阿尔卡卜;;;;;;;;;;;;x
PROV1066;瑟马内 3;;;;;;;;;;;;x
PROV1067;咴吁特拉;;;;;;;;;;;;x
PROV1068;东韦迪纳 1;;;;;;;;;;;;x
PROV1069;雅巴尔舍迈尔 2;;;;;;;;;;;;x
PROV1070;赫尔卡特;;;;;;;;;;;;x
PROV1071;瑟马内 4;;;;;;;;;;;;x
PROV1072;星陨镇;;;;;;;;;;;;x
PROV1073;Ice Fields 3;;;;;;;;;;;;x
PROV1074;Qurhoof 3;;;;;;;;;;;;x
PROV1075;贝黎;;;;;;;;;;;;x
PROV1076;希桑拉布;;;;;;;;;;;;x
PROV1077;虎格雷;;;;;;;;;;;;x
PROV1078;Seaquestria 8;;;;;;;;;;;;x
PROV1079;乔木港;;;;;;;;;;;;x
PROV1080;亚述 1;;;;;;;;;;;;x
PROV1081;Seaquestria 9;;;;;;;;;;;;x
PROV1082;珍妮维;;;;;;;;;;;;x
PROV1083;迪尔芬;;;;;;;;;;;;x
PROV1084;科特比利亚;;;;;;;;;;;;x
PROV1085;撒得哈拉;;;;;;;;;;;;x
PROV1086;阿姆哈噗拉;;;;;;;;;;;;x
PROV1087;恰托拉赫 1;;;;;;;;;;;;x
PROV1088;荒芜之峰 1;;;;;;;;;;;;x
PROV1089;里福特奥夫 2;;;;;;;;;;;;x
PROV1090;维齐玛;;;;;;;;;;;;x
PROV1091;Great Lakes 29;;;;;;;;;;;;x
PROV1092;Barnsdale;;;;;;;;;;;;x
PROV1093;东韦迪纳 2;;;;;;;;;;;;x
PROV1094;卡萨布隆科;;;;;;;;;;;;x
PROV1095;古尔蹄;;;;;;;;;;;;x
PROV1096;西望港;;;;;;;;;;;;x
PROV1097;哈迪塞;;;;;;;;;;;;x
PROV1098;阿西努斯;;;;;;;;;;;;x
PROV1099;Hee-Hawtra 3;;;;;;;;;;;;x
PROV1100;Incomprehensibly Vast Ice 1;;;;;;;;;;;;x
PROV1101;赞詹;;;;;;;;;;;;x
PROV1102;撒得哈拉 2;;;;;;;;;;;;x
PROV1103;恰托拉赫 2;;;;;;;;;;;;x
PROV1104;Aquileian Straits 3;;;;;;;;;;;;x
PROV1105;缉获堡;;;;;;;;;;;;x
PROV1106;Discovery Coast;;;;;;;;;;;;x
PROV1107;里拉;;;;;;;;;;;;x
PROV1108;老龙镇;;;;;;;;;;;;x
PROV1109;西羔加索;;;;;;;;;;;;x
PROV1110;贝黎 1;;;;;;;;;;;;x
PROV1111;菲兹拉 1;;;;;;;;;;;;x
PROV1112;戴尔爪阿;;;;;;;;;;;;x
PROV1113;喵呜特克勒;;;;;;;;;;;;x
PROV1114;黑豹城;;;;;;;;;;;;x
PROV1115;Great Lakes 30;;;;;;;;;;;;x
PROV1116;菲兹拉 2;;;;;;;;;;;;x
PROV1117;杜尔-伯罗;;;;;;;;;;;;x
PROV1118;卡克卡特;;;;;;;;;;;;x
PROV1119;荒芜之峰;;;;;;;;;;;;x
PROV1120;布雷多;;;;;;;;;;;;x
PROV1121;杰克什;;;;;;;;;;;;x
PROV1122;里拉 1;;;;;;;;;;;;x
PROV1123;萨尔马内伊;;;;;;;;;;;;x
PROV1124;Darneigh;;;;;;;;;;;;x
PROV1125;羽毛群岛;;;;;;;;;;;;x
PROV1126;哈鬃丹;;;;;;;;;;;;x
PROV1127;马尔什哈德 1;;;;;;;;;;;;x
PROV1128;尼布罗;;;;;;;;;;;;x
PROV1129;Incomprehensibly Vast Ice 2;;;;;;;;;;;;x
PROV1130;天鹰城;;;;;;;;;;;;x
PROV1131;Vanguardigo 1;;;;;;;;;;;;x
PROV1132;猫特默特;;;;;;;;;;;;x
PROV1133;文霖;;;;;;;;;;;;x
PROV1134;烈火海岸 1;;;;;;;;;;;;x
PROV1135;永冬港;;;;;;;;;;;;x
PROV1136;贝鲁;;;;;;;;;;;;x
PROV1137;杰克什 1;;;;;;;;;;;;x
PROV1138;恰托拉赫;;;;;;;;;;;;x
PROV1139;Northeast Rocky Sea 6;;;;;;;;;;;;x
PROV1140;马尔什哈德 2;;;;;;;;;;;;x
PROV1141;失落之门;;;;;;;;;;;;x
PROV1142;Marestra;;;;;;;;;;;;x
PROV1143;吉拉提 1;;;;;;;;;;;;x
PROV1144;绯红海岸 1;;;;;;;;;;;;x
PROV1145;鹫弗顿 1;;;;;;;;;;;;x
PROV1146;马尔什哈德;;;;;;;;;;;;x
PROV1147;撒赫曼内达;;;;;;;;;;;;x
PROV1148;亚喀巴;;;;;;;;;;;;x
PROV1149;骡辛;;;;;;;;;;;;x
PROV1150;黑豹城 1;;;;;;;;;;;;x
PROV1151;多罗;;;;;;;;;;;;x
PROV1152;Seaquestria 10;;;;;;;;;;;;x
PROV1153;奥罗喵亚 1;;;;;;;;;;;;x
PROV1154;Vanguardigo 2;;;;;;;;;;;;x
PROV1155;Vanguardigo 3;;;;;;;;;;;;x
PROV1156;里拉 2;;;;;;;;;;;;x
PROV1157;Discovery Coast 2;;;;;;;;;;;;x
PROV1158;鹫弗顿 2;;;;;;;;;;;;x
PROV1159;卡克卡特 1;;;;;;;;;;;;x
PROV1160;Aquileian Straits;;;;;;;;;;;;x
PROV1161;菲兹拉 3;;;;;;;;;;;;x
PROV1162;鹫弗顿;;;;;;;;;;;;x
PROV1163;Aquileian Straits 4;;;;;;;;;;;;x
PROV1164;翼哈根 1;;;;;;;;;;;;x
PROV1165;Western Sea of Corpses;;;;;;;;;;;;x
PROV1166;弗马斯 1;;;;;;;;;;;;x
PROV1167;波鲁赫德;;;;;;;;;;;;x
PROV1168;马托瓦;;;;;;;;;;;;x
PROV1169;吉拉提 2;;;;;;;;;;;;x
PROV1170;绯红海岸 2;;;;;;;;;;;;x
PROV1171;凹穴;;;;;;;;;;;;x
PROV1172;Marestra 1;;;;;;;;;;;;x
PROV1173;翼哈根;;;;;;;;;;;;x
PROV1174;吉拉提 3;;;;;;;;;;;;x
PROV1175;NW Griffenheim;;;;;;;;;;;;x
PROV1176;鹫弗顿 3;;;;;;;;;;;;x
PROV1177;卡兹鬃内因 1;;;;;;;;;;;;x
PROV1178;奥罗喵亚 2;;;;;;;;;;;;x
PROV1179;Mirth;;;;;;;;;;;;x
PROV1180;布克斯班;;;;;;;;;;;;x
PROV1181;漫云城 1;;;;;;;;;;;;x
PROV1182;阿里斯山 1;;;;;;;;;;;;x
PROV1183;云卫 1;;;;;;;;;;;;x
PROV1184;Great Lakes 31;;;;;;;;;;;;x
PROV1185;Seaquestria 11;;;;;;;;;;;;x
PROV1186;剃刀;;;;;;;;;;;;x
PROV1187;Mareland Straits;;;;;;;;;;;;x
PROV1188;羽翼兰 1;;;;;;;;;;;;x
PROV1189;Great Lakes 32;;;;;;;;;;;;x
PROV1190;马里布;;;;;;;;;;;;x
PROV1191;安塞鲁克;;;;;;;;;;;;x
PROV1192;乌斯特罗塔;;;;;;;;;;;;x
PROV1193;羽毛港;;;;;;;;;;;;x
PROV1194;Oldebeaken 1;;;;;;;;;;;;x
PROV1195;Vanguardigo 4;;;;;;;;;;;;x
PROV1196;米舍里奥;;;;;;;;;;;;x
PROV1197;马尔松;;;;;;;;;;;;x
PROV1198;Windigo;;;;;;;;;;;;x
PROV1199;弗马斯 2;;;;;;;;;;;;x
PROV1200;马萨弗阿拉姆;;;;;;;;;;;;x
PROV1201;马托瓦 1;;;;;;;;;;;;x
PROV1202;马尔本;;;;;;;;;;;;x
PROV1203;Neighcastle;;;;;;;;;;;;x
PROV1204;普勒克埃勒;;;;;;;;;;;;x
PROV1205;坎曼利亚;;;;;;;;;;;;x
PROV1206;维德斯塔德;;;;;;;;;;;;x
PROV1207;Toomoomba;;;;;;;;;;;;x
PROV1208;一只耳山脉;;;;;;;;;;;;x
PROV1209;阿卡迪亚湾;;;;;;;;;;;;x
PROV1210;Great Lakes 33;;;;;;;;;;;;x
PROV1211;安塞鲁克 1;;;;;;;;;;;;x
PROV1212;漫云城 2;;;;;;;;;;;;x
PROV1213;凡瓜迪戈;;;;;;;;;;;;x
PROV1214;翼哈根 2;;;;;;;;;;;;x
PROV1215;帕尔尼;;;;;;;;;;;;x
PROV1216;阿西努斯 1;;;;;;;;;;;;x
PROV1217;嘶隆;;;;;;;;;;;;x
PROV1218;Purrshawar;;;;;;;;;;;;x
PROV1219;NE Griffenheim;;;;;;;;;;;;x
PROV1220;羽翼兰 2;;;;;;;;;;;;x
PROV1221;弗马斯;;;;;;;;;;;;x
PROV1222;漫云城;;;;;;;;;;;;x
PROV1223;菲兹拉;;;;;;;;;;;;x
PROV1224;科洛堡;;;;;;;;;;;;x
PROV1225;斯卡克;;;;;;;;;;;;x
PROV1226;乌斯特罗塔 1;;;;;;;;;;;;x
PROV1227;新马哈顿;;;;;;;;;;;;x
PROV1228;贝蹄;;;;;;;;;;;;x
PROV1229;劳根;;;;;;;;;;;;x
PROV1230;毛切瓦 1;;;;;;;;;;;;x
PROV1231;古喙镇;;;;;;;;;;;;x
PROV1232;霰落城;;;;;;;;;;;;x
PROV1233;哥比亚;;;;;;;;;;;;x
PROV1234;驹特希里;;;;;;;;;;;;x
PROV1235;日落城;;;;;;;;;;;;x
PROV1236;加罗比代;;;;;;;;;;;;x
PROV1237;鹿特德丹州 1;;;;;;;;;;;;x
PROV1238;法拉萨;;;;;;;;;;;;x
PROV1239;马托瓦 2;;;;;;;;;;;;x
PROV1240;奥瓦利若;;;;;;;;;;;;x
PROV1241;荒芜之峰 2;;;;;;;;;;;;x
PROV1242;Great Lakes 34;;;;;;;;;;;;x
PROV1243;贝蹄 1;;;;;;;;;;;;x
PROV1244;蹄埃达;;;;;;;;;;;;x
PROV1245;鹿特德丹州 2;;;;;;;;;;;;x
PROV1246;毛切瓦;;;;;;;;;;;;x
PROV1247;云卫 2;;;;;;;;;;;;x
PROV1248;加勒潘;;;;;;;;;;;;x
PROV1249;毛切瓦 2;;;;;;;;;;;;x
PROV1250;佛罗韦诺;;;;;;;;;;;;x
PROV1251;斯弗帕克;;;;;;;;;;;;x
PROV1252;西卫 1;;;;;;;;;;;;x
PROV1253;失落之门 1;;;;;;;;;;;;x
PROV1254;Balearat;;;;;;;;;;;;x
PROV1255;艾维尔 1;;;;;;;;;;;;x
PROV1256;安塞鲁克 2;;;;;;;;;;;;x
PROV1257;爪沃里特雷亚 1;;;;;;;;;;;;x
PROV1258;新夏野;;;;;;;;;;;;x
PROV1259;鬃那 1;;;;;;;;;;;;x
PROV1260;阿霍韦兹;;;;;;;;;;;;x
PROV1261;猎鹰镇 1;;;;;;;;;;;;x
PROV1262;Wagga Tailla;;;;;;;;;;;;x
PROV1263;卡兹鬃内因;;;;;;;;;;;;x
PROV1264;科尔顿;;;;;;;;;;;;x
PROV1265;Kloberg;;;;;;;;;;;;x
PROV1266;艾维尔;;;;;;;;;;;;x
PROV1267;Bikater;;;;;;;;;;;;x
PROV1268;新蹄灵顿;;;;;;;;;;;;x
PROV1269;普里代 1;;;;;;;;;;;;x
PROV1270;阿斯喵拉;;;;;;;;;;;;x
PROV1271;西卫 2;;;;;;;;;;;;x
PROV1272;齐法;;;;;;;;;;;;x
PROV1273;艾维尔 2;;;;;;;;;;;;x
PROV1274;Seaquestria 12;;;;;;;;;;;;x
PROV1275;维诺维亚 1;;;;;;;;;;;;x
PROV1276;嘶尼巴;;;;;;;;;;;;x
PROV1277;卡土穆;;;;;;;;;;;;x
PROV1278;西卫;;;;;;;;;;;;x
PROV1279;阿米因;;;;;;;;;;;;x
PROV1280;Seaquestria 13;;;;;;;;;;;;x
PROV1281;罪鹰镇;;;;;;;;;;;;x
PROV1282;西卫 3;;;;;;;;;;;;x
PROV1283;克尔马内;;;;;;;;;;;;x
PROV1284;Great Lakes 35;;;;;;;;;;;;x
PROV1285;忧伤之地 1;;;;;;;;;;;;x
PROV1286;Marestra 2;;;;;;;;;;;;x
PROV1287;Aquileia Bay;;;;;;;;;;;;x
PROV1288;普利尔;;;;;;;;;;;;x
PROV1289;巴图姆;;;;;;;;;;;;x
PROV1290;Seaquestria 14;;;;;;;;;;;;x
PROV1291;巴克莫尔;;;;;;;;;;;;x
PROV1292;鹿特德丹州 3;;;;;;;;;;;;x
PROV1293;新马恩斯伯里;;;;;;;;;;;;x
PROV1294;普里代;;;;;;;;;;;;x
PROV1295;维诺维亚;;;;;;;;;;;;x
PROV1296;Surcat;;;;;;;;;;;;x
PROV1297;斯特拉斯斯普林斯;;;;;;;;;;;;x
PROV1298;猎鹰镇;;;;;;;;;;;;x
PROV1299;Applelaid;;;;;;;;;;;;x
PROV1300;斑布克;;;;;;;;;;;;x
PROV1301;鬃那;;;;;;;;;;;;x
PROV1302;艾维尔 3;;;;;;;;;;;;x
PROV1303;卡兹鬃内因 2;;;;;;;;;;;;x
PROV1304;Meowdras;;;;;;;;;;;;x
PROV1305;法拉萨 1;;;;;;;;;;;;x
PROV1306;亚达科马内 1;;;;;;;;;;;;x
PROV1307;腾科泽戈;;;;;;;;;;;;x
PROV1308;维诺维亚 2;;;;;;;;;;;;x
PROV1309;忧伤之地 2;;;;;;;;;;;;x
PROV1310;加巴;;;;;;;;;;;;x
PROV1311;普里代 2;;;;;;;;;;;;x
PROV1312;中部平原 1;;;;;;;;;;;;x
PROV1313;失落之门 2;;;;;;;;;;;;x
PROV1314;利浦扎克;;;;;;;;;;;;x
PROV1315;Discovery Coast 3;;;;;;;;;;;;x
PROV1316;阿尔-沙伊尔;;;;;;;;;;;;x
PROV1317;鬃那 2;;;;;;;;;;;;x
PROV1318;塔隆纳特 1;;;;;;;;;;;;x
PROV1319;东钥湖 2;;;;;;;;;;;;x
PROV1320;Maregyptian Desert 1;;;;;;;;;;;;x
PROV1321;Central Feathisia 1;;;;;;;;;;;;x
PROV1322;老鹰屯 1;;;;;;;;;;;;x
PROV1323;霜铃城;;;;;;;;;;;;x
PROV1324;扎尔马雷 9;;;;;;;;;;;;x
PROV1325;失落之门 3;;;;;;;;;;;;x
PROV1326;扎尔马雷 10;;;;;;;;;;;;x
PROV1327;马蹄平原;;;;;;;;;;;;x
PROV1328;粉蠹城;;;;;;;;;;;;x
PROV1329;泰尔兹;;;;;;;;;;;;x
PROV1330;阿拉曼;;;;;;;;;;;;x
PROV1331;老鹰屯 2;;;;;;;;;;;;x
PROV1332;维尔斯泰尔;;;;;;;;;;;;x
PROV1333;布伦纳;;;;;;;;;;;;x
PROV1334;月升;;;;;;;;;;;;x
PROV1335;佩克尔特;;;;;;;;;;;;x
PROV1336;格里斯莱恩;;;;;;;;;;;;x
PROV1337;水岩;;;;;;;;;;;;x
PROV1338;Central Feathisia 2;;;;;;;;;;;;x
PROV1339;马地那 1;;;;;;;;;;;;x
PROV1340;蹶克尔 1;;;;;;;;;;;;x
PROV1341;Sineigh Desert 1;;;;;;;;;;;;x
PROV1342;塔隆纳特;;;;;;;;;;;;x
PROV1343;驹尔多瓦;;;;;;;;;;;;x
PROV1344;火林;;;;;;;;;;;;x
PROV1345;中部平原 2;;;;;;;;;;;;x
PROV1346;阿克翼利欧;;;;;;;;;;;;x
PROV1347;九流镇;;;;;;;;;;;;x
PROV1348;格伦西;;;;;;;;;;;;x
PROV1349;马卡拉 1;;;;;;;;;;;;x
PROV1350;祖什 1;;;;;;;;;;;;x
PROV1351;西南沙漠;;;;;;;;;;;;x
PROV1352;飒卢佐;;;;;;;;;;;;x
PROV1353;卢基乌;;;;;;;;;;;;x
PROV1354;Central Sea of Corpses;;;;;;;;;;;;x
PROV1355;伏塔扎隆;;;;;;;;;;;;x
PROV1356;芬纽;;;;;;;;;;;;x
PROV1357;拉伯特;;;;;;;;;;;;x
PROV1358;扎尔马雷 11;;;;;;;;;;;;x
PROV1359;卡姆里;;;;;;;;;;;;x
PROV1360;Mozzi 1;;;;;;;;;;;;x
PROV1361;Garneighta;;;;;;;;;;;;x
PROV1362;布罗比;;;;;;;;;;;;x
PROV1363;瓦伽杜祖;;;;;;;;;;;;x
PROV1364;马地那;;;;;;;;;;;;x
PROV1365;Mozzi 2;;;;;;;;;;;;x
PROV1366;拉艾姆;;;;;;;;;;;;x
PROV1367;马涅斯剌塔;;;;;;;;;;;;x
PROV1368;翱翔森林 1;;;;;;;;;;;;x
PROV1369;拉伯特 1;;;;;;;;;;;;x
PROV1370;维格维亚;;;;;;;;;;;;x
PROV1371;扎尔马雷 12;;;;;;;;;;;;x
PROV1372;马卡拉 2;;;;;;;;;;;;x
PROV1373;嚎灵顿;;;;;;;;;;;;x
PROV1374;马蹄平原 1;;;;;;;;;;;;x
PROV1375;Altgreifsee 2;;;;;;;;;;;;x
PROV1376;风福特;;;;;;;;;;;;x
PROV1377;亚达科马内;;;;;;;;;;;;x
PROV1378;阿尼贝萨 1;;;;;;;;;;;;x
PROV1379;羽毛群岛 6;;;;;;;;;;;;x
PROV1380;驹尔多瓦 1;;;;;;;;;;;;x
PROV1381;西岸 1;;;;;;;;;;;;x
PROV1382;飒卢佐 1;;;;;;;;;;;;x
PROV1383;戈拉克 1;;;;;;;;;;;;x
PROV1384;Sineigh Desert 2;;;;;;;;;;;;x
PROV1385;Seaquestria 15;;;;;;;;;;;;x
PROV1386;Seaquestria;;;;;;;;;;;;x
PROV1387;拉伯特 2;;;;;;;;;;;;x
PROV1388;牦牛镇;;;;;;;;;;;;x
PROV1389;猎鹰镇 2;;;;;;;;;;;;x
PROV1390;羽毛群岛 7;;;;;;;;;;;;x
PROV1391;马卡拉;;;;;;;;;;;;x
PROV1392;翱翔森林 2;;;;;;;;;;;;x
PROV1393;扎尔马雷 13;;;;;;;;;;;;x
PROV1394;扎尔马雷 14;;;;;;;;;;;;x
PROV1395;米拉贝尔 1;;;;;;;;;;;;x
PROV1396;基亚兹喙克;;;;;;;;;;;;x
PROV1397;Central Feathisia 3;;;;;;;;;;;;x
PROV1398;瑞德威特;;;;;;;;;;;;x
PROV1399;精灵湖;;;;;;;;;;;;x
PROV1400;蹶克尔;;;;;;;;;;;;x
PROV1401;Bagraza River 1;;;;;;;;;;;;x
PROV1402;扎尔马雷 15;;;;;;;;;;;;x
PROV1403;阿尔韦德尔;;;;;;;;;;;;x
PROV1404;米拉贝尔;;;;;;;;;;;;x
PROV1405;阿尼贝萨 2;;;;;;;;;;;;x
PROV1406;齐亚尼 1;;;;;;;;;;;;x
PROV1407;马卡拉 3;;;;;;;;;;;;x
PROV1408;波莫瓦拉 1;;;;;;;;;;;;x
PROV1409;Great Lakes 36;;;;;;;;;;;;x
PROV1410;纳瓦罗 1;;;;;;;;;;;;x
PROV1411;塔隆纳特 2;;;;;;;;;;;;x
PROV1412;振翼城 1;;;;;;;;;;;;x
PROV1413;阿尼贝萨 3;;;;;;;;;;;;x
PROV1414;北阿里斯 1;;;;;;;;;;;;x
PROV1415;翱翔之土 1;;;;;;;;;;;;x
PROV1416;北阿里斯 2;;;;;;;;;;;;x
PROV1417;纳瓦罗 2;;;;;;;;;;;;x
PROV1418;飒卢佐 2;;;;;;;;;;;;x
PROV1419;老鹰屯;;;;;;;;;;;;x
PROV1420;Great Lakes 37;;;;;;;;;;;;x
PROV1421;赞多马;;;;;;;;;;;;x
PROV1422;科姆马博;;;;;;;;;;;;x
PROV1423;Aquileia Bay 1;;;;;;;;;;;;x
PROV1424;Seaquestria 16;;;;;;;;;;;;x
PROV1425;低矮地堑 1;;;;;;;;;;;;x
PROV1426;特兰西斯塔;;;;;;;;;;;;x
PROV1427;Agon River;;;;;;;;;;;;x
PROV1428;阿尼贝萨 4;;;;;;;;;;;;x
PROV1429;蹶克尔 2;;;;;;;;;;;;x
PROV1430;南阿里斯 1;;;;;;;;;;;;x
PROV1431;鹰爪坎特;;;;;;;;;;;;x
PROV1432;柯纳尔;;;;;;;;;;;;x
PROV1433;Carmine River;;;;;;;;;;;;x
PROV1434;坎特洛特;;;;;;;;;;;;x
PROV1435;生者之湖 1;;;;;;;;;;;;x
PROV1436;星塔;;;;;;;;;;;;x
PROV1437;波莫瓦拉;;;;;;;;;;;;x
PROV1438;西部沙漠;;;;;;;;;;;;x
PROV1439;南阿里斯 2;;;;;;;;;;;;x
PROV1440;雁之喙 1;;;;;;;;;;;;x
PROV1441;中阿里斯 1;;;;;;;;;;;;x
PROV1442;佛罗韦纳;;;;;;;;;;;;x
PROV1443;斑瓦西里;;;;;;;;;;;;x
PROV1444;初港;;;;;;;;;;;;x
PROV1445;格里芬布尔;;;;;;;;;;;;x
PROV1446;宗伯利;;;;;;;;;;;;x
PROV1447;振翼城;;;;;;;;;;;;x
PROV1448;巴格泽那;;;;;;;;;;;;x
PROV1449;厄埃克索耳 1;;;;;;;;;;;;x
PROV1450;Seaquestria 17;;;;;;;;;;;;x
PROV1451;北阿里斯 3;;;;;;;;;;;;x
PROV1452;翱翔之土 2;;;;;;;;;;;;x
PROV1453;阿格鲁斯塔;;;;;;;;;;;;x
PROV1454;West Arrowpeaks;;;;;;;;;;;;x
PROV1455;格威齐科;;;;;;;;;;;;x
PROV1456;星域;;;;;;;;;;;;x
PROV1457;北角;;;;;;;;;;;;x
PROV1458;塔尔卡拉;;;;;;;;;;;;x
PROV1459;莫科尔;;;;;;;;;;;;x
PROV1460;阿瓦兰;;;;;;;;;;;;x
PROV1461;Menuch River 1;;;;;;;;;;;;x
PROV1462;拉伊莱;;;;;;;;;;;;x
PROV1463;格雷佐;;;;;;;;;;;;x
PROV1464;飞鹰 1;;;;;;;;;;;;x
PROV1465;新南巴克堡 1;;;;;;;;;;;;x
PROV1466;厚土;;;;;;;;;;;;x
PROV1467;星爪;;;;;;;;;;;;x
PROV1468;Glass River 1;;;;;;;;;;;;x
PROV1469;特兰西斯塔 1;;;;;;;;;;;;x
PROV1470;布尔格伦;;;;;;;;;;;;x
PROV1471;Mnozi;;;;;;;;;;;;x
PROV1472;新阿亚卡奇特里;;;;;;;;;;;;x
PROV1473;低矮地堑 2;;;;;;;;;;;;x
PROV1474;Great Lakes 38;;;;;;;;;;;;x
PROV1475;翼加登;;;;;;;;;;;;x
PROV1476;塔林 1;;;;;;;;;;;;x
PROV1477;冰爪要塞;;;;;;;;;;;;x
PROV1478;齐亚尼;;;;;;;;;;;;x
PROV1479;廷布克图 1;;;;;;;;;;;;x
PROV1480;Trotantis;;;;;;;;;;;;x
PROV1481;纳瓦罗;;;;;;;;;;;;x
PROV1482;新南巴克堡 2;;;;;;;;;;;;x
PROV1483;爪顿;;;;;;;;;;;;x
PROV1484;Western Unknown Sea 1;;;;;;;;;;;;x
PROV1485;Carmine River 1;;;;;;;;;;;;x
PROV1486;诺特富姆;;;;;;;;;;;;x
PROV1487;暗淡山峰;;;;;;;;;;;;x
PROV1488;阿尼贝萨;;;;;;;;;;;;x
PROV1489;爪韦尔马克;;;;;;;;;;;;x
PROV1490;振翼城 2;;;;;;;;;;;;x
PROV1491;瑞德威特 1;;;;;;;;;;;;x
PROV1492;雁之喙;;;;;;;;;;;;x
PROV1493;迎宾堡;;;;;;;;;;;;x
PROV1494;南阿里斯 3;;;;;;;;;;;;x
PROV1495;翼波利;;;;;;;;;;;;x
PROV1496;羽瑟拉;;;;;;;;;;;;x
PROV1497;东阿里斯 1;;;;;;;;;;;;x
PROV1498;铜十字城;;;;;;;;;;;;x
PROV1499;阿里斯山;;;;;;;;;;;;x
PROV1500;米特尔费尔德;;;;;;;;;;;;x
PROV1501;古翼堡;;;;;;;;;;;;x
PROV1502;翼森堡;;;;;;;;;;;;x
PROV1503;宰尔斑达;;;;;;;;;;;;x
PROV1504;祖德 1;;;;;;;;;;;;x
PROV1505;呢骡三角洲 1;;;;;;;;;;;;x
PROV1506;中阿里斯 2;;;;;;;;;;;;x
PROV1507;Seaquestria 18;;;;;;;;;;;;x
PROV1508;浓雾之地 1;;;;;;;;;;;;x
PROV1509;梅特祖纳利亚;;;;;;;;;;;;x
PROV1510;沃利诺;;;;;;;;;;;;x
PROV1511;Great Lakes 39;;;;;;;;;;;;x
PROV1512;克拉马斯;;;;;;;;;;;;x
PROV1513;Skynavia Delta;;;;;;;;;;;;x
PROV1514;拉塔斐特;;;;;;;;;;;;x
PROV1515;伊斯达克德贝特;;;;;;;;;;;;x
PROV1516;斯夸克文纳;;;;;;;;;;;;x
PROV1517;卡廷;;;;;;;;;;;;x
PROV1518;Greifenmarschen 1;;;;;;;;;;;;x
PROV1519;新马里达 1;;;;;;;;;;;;x
PROV1520;塔林;;;;;;;;;;;;x
PROV1521;冬铃;;;;;;;;;;;;x
PROV1522;蹶路支斯坦 1;;;;;;;;;;;;x
PROV1523;Boiling River 1;;;;;;;;;;;;x
PROV1524;扎尔马雷 16;;;;;;;;;;;;x
PROV1525;蹶路支斯坦 2;;;;;;;;;;;;x
PROV1526;厄埃克索耳 2;;;;;;;;;;;;x
PROV1527;北喙;;;;;;;;;;;;x
PROV1528;新南巴克堡 3;;;;;;;;;;;;x
PROV1529;Greifenmarschen 2;;;;;;;;;;;;x
PROV1530;Glass River;;;;;;;;;;;;x
PROV1531;扎鲁阿;;;;;;;;;;;;x
PROV1532;廷布克图 2;;;;;;;;;;;;x
PROV1533;特拉里费;;;;;;;;;;;;x
PROV1534;本祖古;;;;;;;;;;;;x
PROV1535;塔隆扎罗特;;;;;;;;;;;;x
PROV1536;普卢马;;;;;;;;;;;;x
PROV1537;Utstottbygd;;;;;;;;;;;;x
PROV1538;祖德;;;;;;;;;;;;x
PROV1539;狮鹫村;;;;;;;;;;;;x
PROV1540;弗朗齐斯 1;;;;;;;;;;;;x
PROV1541;马罗埃;;;;;;;;;;;;x
PROV1542;夸克林;;;;;;;;;;;;x
PROV1543;雁巢 1;;;;;;;;;;;;x
PROV1544;矮尾 1;;;;;;;;;;;;x
PROV1545;阿维昂莱班;;;;;;;;;;;;x
PROV1546;巴海里亚;;;;;;;;;;;;x
PROV1547;雄鹰城;;;;;;;;;;;;x
PROV1548;翼森堡 1;;;;;;;;;;;;x
PROV1549;South Cannibal Mountains;;;;;;;;;;;;x
PROV1550;Eastwood 1;;;;;;;;;;;;x
PROV1551;雁巢 2;;;;;;;;;;;;x
PROV1552;瓦尔-银;;;;;;;;;;;;x
PROV1553;扎拉巴拉;;;;;;;;;;;;x
PROV1554;阿斯卡利翁 1;;;;;;;;;;;;x
PROV1555;卡廷 1;;;;;;;;;;;;x
PROV1556;企鹅之地 1;;;;;;;;;;;;x
PROV1557;厄埃克索耳 3;;;;;;;;;;;;x
PROV1558;星座熊格勒;;;;;;;;;;;;x
PROV1559;东阿里斯 2;;;;;;;;;;;;x
PROV1560;呢骡三角洲 2;;;;;;;;;;;;x
PROV1561;Zibirdugu;;;;;;;;;;;;x
PROV1562;廷布克图;;;;;;;;;;;;x
PROV1563;科尔特那克;;;;;;;;;;;;x
PROV1564;艾布鲁斯;;;;;;;;;;;;x
PROV1565;Great Lakes 40;;;;;;;;;;;;x
PROV1566;塔林 2;;;;;;;;;;;;x
PROV1567;索伦托;;;;;;;;;;;;x
PROV1568;河堡;;;;;;;;;;;;x
PROV1569;东阿里斯 3;;;;;;;;;;;;x
PROV1570;兰德斯道;;;;;;;;;;;;x
PROV1571;振翼城 3;;;;;;;;;;;;x
PROV1572;蹄比斯;;;;;;;;;;;;x
PROV1573;阿斯卡利翁;;;;;;;;;;;;x
PROV1574;阿塞尔特;;;;;;;;;;;;x
PROV1575;佐阿拉;;;;;;;;;;;;x
PROV1576;布姆毛;;;;;;;;;;;;x
PROV1577;厄埃克索耳;;;;;;;;;;;;x
PROV1578;月语谷;;;;;;;;;;;;x
PROV1579;浓雾之地 2;;;;;;;;;;;;x
PROV1580;蝠斯比;;;;;;;;;;;;x
PROV1581;北风峡湾;;;;;;;;;;;;x
PROV1582;Pont-Aux-Griffs;;;;;;;;;;;;x
PROV1583;广阔泥沼 2;;;;;;;;;;;;x
PROV1584;马伊丁 1;;;;;;;;;;;;x
PROV1585;Great Lakes 41;;;;;;;;;;;;x
PROV1586;梦晶城;;;;;;;;;;;;x
PROV1587;Eastern Foal Mountain;;;;;;;;;;;;x
PROV1588;里玛;;;;;;;;;;;;x
PROV1589;祖德 2;;;;;;;;;;;;x
PROV1590;梦晶城 1;;;;;;;;;;;;x
PROV1591;Eastwood 2;;;;;;;;;;;;x
PROV1592;云落;;;;;;;;;;;;x
PROV1593;扎尔马雷 17;;;;;;;;;;;;x
PROV1594;扎奥 1;;;;;;;;;;;;x
PROV1595;朱德尼 1;;;;;;;;;;;;x
PROV1596;阿斯卡利翁 2;;;;;;;;;;;;x
PROV1597;Minogulf 1;;;;;;;;;;;;x
PROV1598;疣猪森林 1;;;;;;;;;;;;x
PROV1599;苍须;;;;;;;;;;;;x
PROV1600;奥兰达 1;;;;;;;;;;;;x
PROV1601;雷切德;;;;;;;;;;;;x
PROV1602;奥斯纳喙克 1;;;;;;;;;;;;x
PROV1603;法孔西罗;;;;;;;;;;;;x
PROV1604;弗朗齐斯特里亚;;;;;;;;;;;;x
PROV1605;阿斯卡利翁 3;;;;;;;;;;;;x
PROV1606;宗戈拉;;;;;;;;;;;;x
PROV1607;祖比亚沙漠;;;;;;;;;;;;x
PROV1608;矮尾 2;;;;;;;;;;;;x
PROV1609;草径 1;;;;;;;;;;;;x
PROV1610;北喙 1;;;;;;;;;;;;x
PROV1611;Great Lakes 42;;;;;;;;;;;;x
PROV1612;安宗果;;;;;;;;;;;;x
PROV1613;马菲斯;;;;;;;;;;;;x
PROV1614;坎特福德;;;;;;;;;;;;x
PROV1615;Great Lakes 43;;;;;;;;;;;;x
PROV1616;梦晶城;;;;;;;;;;;;x
PROV1617;扎尔马雷 18;;;;;;;;;;;;x
PROV1618;雁巢;;;;;;;;;;;;x
PROV1619;翼森堡 2;;;;;;;;;;;;x
PROV1620;阿斯卡利翁 4;;;;;;;;;;;;x
PROV1621;耶鲁;;;;;;;;;;;;x
PROV1622;马伊丁 2;;;;;;;;;;;;x
PROV1623;Seaquestria 19;;;;;;;;;;;;x
PROV1624;蹶路支斯坦 3;;;;;;;;;;;;x
PROV1625;梦晶城 2;;;;;;;;;;;;x
PROV1626;东钥湖 3;;;;;;;;;;;;x
PROV1627;加米亚;;;;;;;;;;;;x
PROV1628;Eastwood 3;;;;;;;;;;;;x
PROV1629;伊特拉;;;;;;;;;;;;x
PROV1630;Great Lakes 44;;;;;;;;;;;;x
PROV1631;马内巴 1;;;;;;;;;;;;x
PROV1632;鹰巢;;;;;;;;;;;;x
PROV1633;西罗马坞;;;;;;;;;;;;x
PROV1634;奥斯纳喙克;;;;;;;;;;;;x
PROV1635;Groverbrum;;;;;;;;;;;;x
PROV1636;Seaquestria 20;;;;;;;;;;;;x
PROV1637;金羽;;;;;;;;;;;;x
PROV1638;奥斯纳喙克 2;;;;;;;;;;;;x
PROV1639;McWhinney;;;;;;;;;;;;x
PROV1640;矮尾 3;;;;;;;;;;;;x
PROV1641;布鲁玛;;;;;;;;;;;;x
PROV1642;巴马达;;;;;;;;;;;;x
PROV1643;朱德尼;;;;;;;;;;;;x
PROV1644;阿齐姆加夫 1;;;;;;;;;;;;x
PROV1645;斯帕雷托;;;;;;;;;;;;x
PROV1646;安格堡;;;;;;;;;;;;x
PROV1647;博诺马内;;;;;;;;;;;;x
PROV1648;Boiling River;;;;;;;;;;;;x
PROV1649;达斯蹄 1;;;;;;;;;;;;x
PROV1650;米哈泽希尔;;;;;;;;;;;;x
PROV1651;罗马坞;;;;;;;;;;;;x
PROV1652;马内巴米德;;;;;;;;;;;;x
PROV1653;达斯蹄;;;;;;;;;;;;x
PROV1654;扎姆玛尔;;;;;;;;;;;;x
PROV1655;齐尔塔 1;;;;;;;;;;;;x
PROV1656;艾恩德兰姆;;;;;;;;;;;;x
PROV1657;扎米夫加扎尔;;;;;;;;;;;;x
PROV1658;贝科诺;;;;;;;;;;;;x
PROV1659;泰拉塞亚;;;;;;;;;;;;x
PROV1660;Minogulf 2;;;;;;;;;;;;x
PROV1661;Svalbeard;;;;;;;;;;;;x
PROV1662;马伊丁;;;;;;;;;;;;x
PROV1663;鲜血之爪;;;;;;;;;;;;x
PROV1664;扎尔马雷 19;;;;;;;;;;;;x
PROV1665;草径;;;;;;;;;;;;x
PROV1666;Tuneighsian Desert 1;;;;;;;;;;;;x
PROV1667;Seaquestria 21;;;;;;;;;;;;x
PROV1668;隼尔科 1;;;;;;;;;;;;x
PROV1669;Everwinter Isles;;;;;;;;;;;;x
PROV1670;朱德尼 2;;;;;;;;;;;;x
PROV1671;间河 1;;;;;;;;;;;;x
PROV1672;蹶朱达 1;;;;;;;;;;;;x
PROV1673;隼尔科 2;;;;;;;;;;;;x
PROV1674;克里斯托夫;;;;;;;;;;;;x
PROV1675;扎奥;;;;;;;;;;;;x
PROV1676;Great Lakes 45;;;;;;;;;;;;x
PROV1677;马希 1;;;;;;;;;;;;x
PROV1678;Alaudias 1;;;;;;;;;;;;x
PROV1679;Lake Rumare;;;;;;;;;;;;x
PROV1680;草径 2;;;;;;;;;;;;x
PROV1681;罗阿莫;;;;;;;;;;;;x
PROV1682;罗马坞 1;;;;;;;;;;;;x
PROV1683;Great Lakes 46;;;;;;;;;;;;x
PROV1684;扎尔马雷 20;;;;;;;;;;;;x
PROV1685;禄古祖;;;;;;;;;;;;x
PROV1686;达斯蹄 2;;;;;;;;;;;;x
PROV1687;Calembourg;;;;;;;;;;;;x
PROV1688;天际纳维亚;;;;;;;;;;;;x
PROV1689;马希;;;;;;;;;;;;x
PROV1690;泽马什;;;;;;;;;;;;x
PROV1691;利爪;;;;;;;;;;;;x
PROV1692;奥斯纳喙克 3;;;;;;;;;;;;x
PROV1693;马顿 1;;;;;;;;;;;;x
PROV1694;格林盖特;;;;;;;;;;;;x
PROV1695;Coltania;;;;;;;;;;;;x
PROV1696;北喙 2;;;;;;;;;;;;x
PROV1697;疣猪森林 2;;;;;;;;;;;;x
PROV1698;鹰巢 1;;;;;;;;;;;;x
PROV1699;始源地 1;;;;;;;;;;;;x
PROV1700;锡加利;;;;;;;;;;;;x
PROV1701;达斯蹄 3;;;;;;;;;;;;x
PROV1702;托蹶克;;;;;;;;;;;;x
PROV1703;女王岛;;;;;;;;;;;;x
PROV1704;锡雷瓦绿洲;;;;;;;;;;;;x
PROV1705;Tuneighsian Desert 2;;;;;;;;;;;;x
PROV1706;Abuvira;;;;;;;;;;;;x
PROV1707;齐尔塔 2;;;;;;;;;;;;x
PROV1708;Great Lakes 47;;;;;;;;;;;;x
PROV1709;丝号;;;;;;;;;;;;x
PROV1710;Whitetail Mountains 1;;;;;;;;;;;;x
PROV1711;炎夏;;;;;;;;;;;;x
PROV1712;Middenhelm;;;;;;;;;;;;x
PROV1713;隼尔科;;;;;;;;;;;;x
PROV1714;卡扎-金;;;;;;;;;;;;x
PROV1715;托蹶克 1;;;;;;;;;;;;x
PROV1716;齐尔塔;;;;;;;;;;;;x
PROV1717;赫尔海姆;;;;;;;;;;;;x
PROV1718;朱德尼 3;;;;;;;;;;;;x
PROV1719;Comareos and Zanzibuck 1;;;;;;;;;;;;x
PROV1720;此方;;;;;;;;;;;;x
PROV1721;汪镇;;;;;;;;;;;;x
PROV1722;芬宁;;;;;;;;;;;;x
PROV1723;奥斯纳喙克 4;;;;;;;;;;;;x
PROV1724;萨夫拉;;;;;;;;;;;;x
PROV1725;艾因-特鲁特古赖特;;;;;;;;;;;;x
PROV1726;扎尔马雷 21;;;;;;;;;;;;x
PROV1727;草径 3;;;;;;;;;;;;x
PROV1728;失落堡垒 1;;;;;;;;;;;;x
PROV1729;桑给蹶尔;;;;;;;;;;;;x
PROV1730;纳德;;;;;;;;;;;;x
PROV1731;卡马雷拉;;;;;;;;;;;;x
PROV1732;阿齐姆加夫 2;;;;;;;;;;;;x
PROV1733;Seaquestria 22;;;;;;;;;;;;x
PROV1734;蹶朱达;;;;;;;;;;;;x
PROV1735;奥雷兹丘陵 1;;;;;;;;;;;;x
PROV1736;马顿 2;;;;;;;;;;;;x
PROV1737;鹅乡;;;;;;;;;;;;x
PROV1738;蹶肯尼;;;;;;;;;;;;x
PROV1739;Great Lakes 48;;;;;;;;;;;;x
PROV1740;吉斐;;;;;;;;;;;;x
PROV1741;灰喙;;;;;;;;;;;;x
PROV1742;索利斯;;;;;;;;;;;;x
PROV1743;克罗纳;;;;;;;;;;;;x
PROV1744;迦图瑟里;;;;;;;;;;;;x
PROV1745;东部沙漠;;;;;;;;;;;;x
PROV1746;卢梅尔;;;;;;;;;;;;x
PROV1747;扎尔马雷 22;;;;;;;;;;;;x
PROV1748;达奈格;;;;;;;;;;;;x
PROV1749;苏伏克;;;;;;;;;;;;x
PROV1750;苏伏克 1;;;;;;;;;;;;x
PROV1751;奥雷兹丘陵 2;;;;;;;;;;;;x
PROV1752;Pawes;;;;;;;;;;;;x
PROV1753;孔翅城 3;;;;;;;;;;;;x
PROV1754;格罗格拉夫;;;;;;;;;;;;x
PROV1755;狮鹫海姆;;;;;;;;;;;;x
PROV1756;爪豪森;;;;;;;;;;;;x
PROV1757;塔皮安岩;;;;;;;;;;;;x
PROV1758;Alaudias 2;;;;;;;;;;;;x
PROV1759;沃希兹;;;;;;;;;;;;x
PROV1760;Stone Highlands 1;;;;;;;;;;;;x
PROV1761;终界城;;;;;;;;;;;;x
PROV1762;Little Jojo;;;;;;;;;;;;x
PROV1763;科马雷奥斯;;;;;;;;;;;;x
PROV1764;绿钞;;;;;;;;;;;;x
PROV1765;Great Lakes 49;;;;;;;;;;;;x
PROV1766;赫尔海姆 1;;;;;;;;;;;;x
PROV1767;瓦扎德;;;;;;;;;;;;x
PROV1768;雁之喙 2;;;;;;;;;;;;x
PROV1769;Altgreifsee;;;;;;;;;;;;x
PROV1770;Great Lakes;;;;;;;;;;;;x
PROV1771;绒尾豪森;;;;;;;;;;;;x
PROV1772;瑞亚 塞尔瓦;;;;;;;;;;;;x
PROV1773;尼马斯;;;;;;;;;;;;x
PROV1774;主教市;;;;;;;;;;;;x
PROV1775;扎尔马雷 23;;;;;;;;;;;;x
PROV1776;跑狗场;;;;;;;;;;;;x
PROV1777;沃希兹;;;;;;;;;;;;x
PROV1778;扎尔马雷 24;;;;;;;;;;;;x
PROV1779;姆齐齐马;;;;;;;;;;;;x
PROV1780;新北角;;;;;;;;;;;;x
PROV1781;雷霆点;;;;;;;;;;;;x
PROV1782;古鲁;;;;;;;;;;;;x
PROV1783;科托霍;;;;;;;;;;;;x
PROV1784;银岩城;;;;;;;;;;;;x
PROV1785;间河 2;;;;;;;;;;;;x
PROV1786;阿拉奇河谷;;;;;;;;;;;;x
PROV1787;艾因-乌勒曼恩;;;;;;;;;;;;x
PROV1788;奥雷兹丘陵 3;;;;;;;;;;;;x
PROV1789;马顿;;;;;;;;;;;;x
PROV1790;生者之湖;;;;;;;;;;;;x
PROV1791;猩红城;;;;;;;;;;;;x
PROV1792;Scarlet Isle 1;;;;;;;;;;;;x
PROV1793;赤铜丘;;;;;;;;;;;;x
PROV1794;门扎卡;;;;;;;;;;;;x
PROV1795;金岩城;;;;;;;;;;;;x
PROV1796;伏克斯泰滕;;;;;;;;;;;;x
PROV1797;大通道;;;;;;;;;;;;x
PROV1798;森马雷;;;;;;;;;;;;x
PROV1799;阿格兹哈特;;;;;;;;;;;;x
PROV1800;苏伏克 2;;;;;;;;;;;;x
PROV1801;暗鸦堡;;;;;;;;;;;;x
PROV1802;Hundssee;;;;;;;;;;;;x
PROV1803;水乡;;;;;;;;;;;;x
PROV1804;兹赫韦斯特;;;;;;;;;;;;x
PROV1805;Schweibald;;;;;;;;;;;;x
PROV1806;失落堡垒 2;;;;;;;;;;;;x
PROV1807;彼克西里斯;;;;;;;;;;;;x
PROV1808;阿尔巴托雷 1;;;;;;;;;;;;x
PROV1809;Diernoven;;;;;;;;;;;;x
PROV1810;斑布拉;;;;;;;;;;;;x
PROV1811;门扎卡 1;;;;;;;;;;;;x
PROV1812;阿尔巴托雷;;;;;;;;;;;;x
PROV1813;卡加韦耶;;;;;;;;;;;;x
PROV1814;奥加杜;;;;;;;;;;;;x
PROV1815;鹰爪;;;;;;;;;;;;x
PROV1816;Tepetozcatl;;;;;;;;;;;;x
PROV1817;荡鹫城;;;;;;;;;;;;x
PROV1818;West Badlands;;;;;;;;;;;;x
PROV1819;果园;;;;;;;;;;;;x
PROV1820;狮鹫岩;;;;;;;;;;;;x
PROV1821;狮鹫岩 1;;;;;;;;;;;;x
PROV1822;宰普提斯;;;;;;;;;;;;x
PROV1823;茶树 1;;;;;;;;;;;;x
PROV1824;Tarpian Rock 1;;;;;;;;;;;;x
PROV1825;失落堡垒 3;;;;;;;;;;;;x
PROV1826;科托霍 1;;;;;;;;;;;;x
PROV1827;Big Jojo;;;;;;;;;;;;x
PROV1828;观塘;;;;;;;;;;;;x
PROV1829;科托霍 2;;;;;;;;;;;;x
PROV1830;Minogulf 3;;;;;;;;;;;;x
PROV1831;Scarlet Isle 2;;;;;;;;;;;;x
PROV1832;卡扎-自由;;;;;;;;;;;;x
PROV1833;安纳扎 1;;;;;;;;;;;;x
PROV1834;季温;;;;;;;;;;;;x
PROV1835;Eastern Sea of Corpses;;;;;;;;;;;;x
PROV1836;雷霆崖;;;;;;;;;;;;x
PROV1837;泽尔库安;;;;;;;;;;;;x
PROV1838;疾风;;;;;;;;;;;;x
PROV1839;天落;;;;;;;;;;;;x
PROV1840;生者之湖 2;;;;;;;;;;;;x
PROV1841;Corpse Bay;;;;;;;;;;;;x
PROV1842;松荫;;;;;;;;;;;;x
PROV1843;兹杳;;;;;;;;;;;;x
PROV1844;百灵鸟山脊 1;;;;;;;;;;;;x
PROV1845;炎夏 1;;;;;;;;;;;;x
PROV1846;Great Lakes 50;;;;;;;;;;;;x
PROV1847;风暴之眼;;;;;;;;;;;;x
PROV1848;白银瀑布;;;;;;;;;;;;x
PROV1849;风暴之眼 1;;;;;;;;;;;;x
PROV1850;Minogulf 4;;;;;;;;;;;;x
PROV1851;Great Mellifluve;;;;;;;;;;;;x
PROV1852;马阿喀什 2;;;;;;;;;;;;x
PROV1853;艾恩佛特;;;;;;;;;;;;x
PROV1854;克伦堡;;;;;;;;;;;;x
PROV1855;Altmuhl;;;;;;;;;;;;x
PROV1856;Great Lakes 51;;;;;;;;;;;;x
PROV1857;Aranho;;;;;;;;;;;;x
PROV1858;卡特琳堡;;;;;;;;;;;;x
PROV1859;Great Lakes 52;;;;;;;;;;;;x
PROV1860;泽比;;;;;;;;;;;;x
PROV1861;佐尔努;;;;;;;;;;;;x
PROV1862;煤落地 1;;;;;;;;;;;;x
PROV1863;门扎卡 2;;;;;;;;;;;;x
PROV1864;多多马尼;;;;;;;;;;;;x
PROV1865;Aranho Ridge;;;;;;;;;;;;x
PROV1866;茶树 2;;;;;;;;;;;;x
PROV1867;Lightning Harbor;;;;;;;;;;;;x
PROV1868;阿鲁沙;;;;;;;;;;;;x
PROV1869;扎姆贝萨;;;;;;;;;;;;x
PROV1870;季温 1;;;;;;;;;;;;x
PROV1871;Bonehenge;;;;;;;;;;;;x
PROV1872;扎德拉玛特;;;;;;;;;;;;x
PROV1873;王领 1;;;;;;;;;;;;x
PROV1874;扎吉尔米;;;;;;;;;;;;x
PROV1875;潘图比诺;;;;;;;;;;;;x
PROV1876;Wailing Coast;;;;;;;;;;;;x
PROV1877;克鲁斯科斯;;;;;;;;;;;;x
PROV1878;古松;;;;;;;;;;;;x
PROV1879;希蓬;;;;;;;;;;;;x
PROV1880;金泽;;;;;;;;;;;;x
PROV1881;扎尔马雷 25;;;;;;;;;;;;x
PROV1882;梦叶镇;;;;;;;;;;;;x
PROV1883;失落堡垒 4;;;;;;;;;;;;x
PROV1884;阳刺;;;;;;;;;;;;x
PROV1885;泽奥贝德;;;;;;;;;;;;x
PROV1886;祖古祖;;;;;;;;;;;;x
PROV1887;安纳扎;;;;;;;;;;;;x
PROV1888;里夫;;;;;;;;;;;;x
PROV1889;阿贾拉斯;;;;;;;;;;;;x
PROV1890;Agzhat-Zinder 1;;;;;;;;;;;;x
PROV1891;煤落地 2;;;;;;;;;;;;x
PROV1892;杰拉索芬;;;;;;;;;;;;x
PROV1893;齐尼苏特;;;;;;;;;;;;x
PROV1894;亡者之沼;;;;;;;;;;;;x
PROV1895;Great Lakes 53;;;;;;;;;;;;x
PROV1896;扎代;;;;;;;;;;;;x
PROV1897;季温 2;;;;;;;;;;;;x
PROV1898;光之溪 1;;;;;;;;;;;;x
PROV1899;Gelon-Zornu 1;;;;;;;;;;;;x
PROV1900;季温 3;;;;;;;;;;;;x
PROV1901;Andorstat;;;;;;;;;;;;x
PROV1902;三叉戟湾;;;;;;;;;;;;x
PROV1903;煤落地;;;;;;;;;;;;x
PROV1904;松达;;;;;;;;;;;;x
PROV1905;施特拉特堡;;;;;;;;;;;;x
PROV1906;马阿弗雷;;;;;;;;;;;;x
PROV1907;Lake Rumare 1;;;;;;;;;;;;x
PROV1908;光之溪 2;;;;;;;;;;;;x
PROV1909;雷霆崖 1;;;;;;;;;;;;x
PROV1910;扎提格;;;;;;;;;;;;x
PROV1911;伊杰比;;;;;;;;;;;;x
PROV1912;齐特撒恩;;;;;;;;;;;;x
PROV1913;林格米尔;;;;;;;;;;;;x
PROV1914;孤寂领地 1;;;;;;;;;;;;x
PROV1915;最终希望;;;;;;;;;;;;x
PROV1916;扎诺 1;;;;;;;;;;;;x
PROV1917;Gelon-Zornu 2;;;;;;;;;;;;x
PROV1918;盖兹代尔;;;;;;;;;;;;x
PROV1919;扎德瓦;;;;;;;;;;;;x
PROV1920;Minogulf 5;;;;;;;;;;;;x
PROV1921;闪电港;;;;;;;;;;;;x
PROV1922;希兹拉;;;;;;;;;;;;x
PROV1923;穆马内 1;;;;;;;;;;;;x
PROV1924;扎德尔;;;;;;;;;;;;x
PROV1925;雪顶 1;;;;;;;;;;;;x
PROV1926;游骨 1;;;;;;;;;;;;x
PROV1927;三叉戟河谷 1;;;;;;;;;;;;x
PROV1928;黑空;;;;;;;;;;;;x
PROV1929;漩涡海岸 1;;;;;;;;;;;;x
PROV1930;Woods of Despair;;;;;;;;;;;;x
PROV1931;安纳扎 2;;;;;;;;;;;;x
PROV1932;阿拉诺;;;;;;;;;;;;x
PROV1933;Wingenburg;;;;;;;;;;;;x
PROV1934;大漩涡;;;;;;;;;;;;x
PROV1935;扎普萨;;;;;;;;;;;;x
PROV1936;游骨 2;;;;;;;;;;;;x
PROV1937;扎米萨 1;;;;;;;;;;;;x
PROV1938;三叉戟河谷 2;;;;;;;;;;;;x
PROV1939;厄立特罗法利亚 1;;;;;;;;;;;;x
PROV1940;暗喙城 1;;;;;;;;;;;;x
PROV1941;强盗之地 1;;;;;;;;;;;;x
PROV1942;雪顶 2;;;;;;;;;;;;x
PROV1943;罗默海姆;;;;;;;;;;;;x
PROV1944;帐篷城;;;;;;;;;;;;x
PROV1945;暗喙城 2;;;;;;;;;;;;x
PROV1946;喙城;;;;;;;;;;;;x
PROV1947;赞力;;;;;;;;;;;;x
PROV1948;Mahanadi River;;;;;;;;;;;;x
PROV1949;Agzhat-Zinder 2;;;;;;;;;;;;x
PROV1950;暗喙城 3;;;;;;;;;;;;x
PROV1951;厄立特罗法利亚;;;;;;;;;;;;x
PROV1952;茶树 3;;;;;;;;;;;;x
PROV1953;扎米萨 2;;;;;;;;;;;;x
PROV1954;奥奇姆;;;;;;;;;;;;x
PROV1955;卡马内;;;;;;;;;;;;x
PROV1956;狮子岩;;;;;;;;;;;;x
PROV1957;Neighaaniinh;;;;;;;;;;;;x
PROV1958;Frostsprings;;;;;;;;;;;;x
PROV1959;South Zajhari;;;;;;;;;;;;x
PROV1960;漩涡海岸 2;;;;;;;;;;;;x
PROV1961;风降;;;;;;;;;;;;x
PROV1962;Lake Rumare 2;;;;;;;;;;;;x
PROV1963;库皮什基斯;;;;;;;;;;;;x
PROV1964;骷颅;;;;;;;;;;;;x
PROV1965;扎诺;;;;;;;;;;;;x
PROV1966;Minogulf 6;;;;;;;;;;;;x
PROV1967;Naniwhich;;;;;;;;;;;;x
PROV1968;维萨吉纳斯;;;;;;;;;;;;x
PROV1969;Agzhat-Zinder 3;;;;;;;;;;;;x
PROV1970;暗喙城;;;;;;;;;;;;x
PROV1971;希望之终;;;;;;;;;;;;x
PROV1972;津代尔;;;;;;;;;;;;x
PROV1973;茨恩滕;;;;;;;;;;;;x
PROV1974;光之溪 3;;;;;;;;;;;;x
PROV1975;穆马内 2;;;;;;;;;;;;x
PROV1976;希乌玛斯 1;;;;;;;;;;;;x
PROV1977;扎米萨;;;;;;;;;;;;x
PROV1978;多多马尼 1;;;;;;;;;;;;x
PROV1979;布尤佐玛;;;;;;;;;;;;x
PROV1980;强盗之地 2;;;;;;;;;;;;x
PROV1981;Ravensee 1;;;;;;;;;;;;x
PROV1982;爬行者山脉;;;;;;;;;;;;x
PROV1983;杜拉克堡;;;;;;;;;;;;x
PROV1984;游骨;;;;;;;;;;;;x
PROV1985;冥翎;;;;;;;;;;;;x
PROV1986;扎诺 2;;;;;;;;;;;;x
PROV1987;门扎卡 3;;;;;;;;;;;;x
PROV1988;穆马内;;;;;;;;;;;;x
PROV1989;米多利亚 1;;;;;;;;;;;;x
PROV1990;Laxaomane;;;;;;;;;;;;x
PROV1991;长剑;;;;;;;;;;;;x
PROV1992;寒口;;;;;;;;;;;;x
PROV1993;米多利亚;;;;;;;;;;;;x
PROV1994;塔默斯;;;;;;;;;;;;x
PROV1995;冥翎 1;;;;;;;;;;;;x
PROV1996;Minogulf 7;;;;;;;;;;;;x
PROV1997;奔马溪;;;;;;;;;;;;x
PROV1998;奥特尔斯堡;;;;;;;;;;;;x
PROV1999;扎加;;;;;;;;;;;;x
PROV2000;冥翎 2;;;;;;;;;;;;x
PROV2001;风降 1;;;;;;;;;;;;x
PROV2002;扎利赫利;;;;;;;;;;;;x
PROV2003;阿吉拉尔;;;;;;;;;;;;x
PROV2004;Dead Sea;;;;;;;;;;;;x
PROV2005;高塔镇;;;;;;;;;;;;x
PROV2006;Minogulf;;;;;;;;;;;;x
PROV2007;海尔辛根;;;;;;;;;;;;x
PROV2008;扎乌拉;;;;;;;;;;;;x
PROV2009;强盗之地 3;;;;;;;;;;;;x
PROV2010;Liamaniou;;;;;;;;;;;;x
PROV2011;Whiteflower;;;;;;;;;;;;x
PROV2012;卡乌马内;;;;;;;;;;;;x
PROV2013;卡拉曼 1;;;;;;;;;;;;x
PROV2014;强盗之地 4;;;;;;;;;;;;x
PROV2015;扎杰哈里 1;;;;;;;;;;;;x
PROV2016;牛头镇;;;;;;;;;;;;x
PROV2017;季米特骆夫;;;;;;;;;;;;x
PROV2018;黑水港;;;;;;;;;;;;x
PROV2019;至暗森林;;;;;;;;;;;;x
PROV2020;祖埃亚;;;;;;;;;;;;x
PROV2021;马塔尔;;;;;;;;;;;;x
PROV2022;死水镇;;;;;;;;;;;;x
PROV2023;Far Harbor;;;;;;;;;;;;x
PROV2024;魔黑堡;;;;;;;;;;;;x
PROV2025;穆马内 3;;;;;;;;;;;;x
PROV2026;扎杰哈里 2;;;;;;;;;;;;x
PROV2027;Zalithi 1;;;;;;;;;;;;x
PROV2028;皮尔城;;;;;;;;;;;;x
PROV2029;塞堡;;;;;;;;;;;;x
PROV2030;Agzhat-Zinder 4;;;;;;;;;;;;x
PROV2031;风降 2;;;;;;;;;;;;x
PROV2032;Ravensee 2;;;;;;;;;;;;x
PROV2033;远溪城 1;;;;;;;;;;;;x
PROV2034;Northern Dead Sea;;;;;;;;;;;;x
PROV2035;Dimondia 1;;;;;;;;;;;;x
PROV2036;风降 3;;;;;;;;;;;;x
PROV2037;Zantsina;;;;;;;;;;;;x
PROV2038;百里香施塔特;;;;;;;;;;;;x
PROV2039;呐格里斯;;;;;;;;;;;;x
PROV2040;宰达;;;;;;;;;;;;x
PROV2041;Coltenhamm;;;;;;;;;;;;x
PROV2042;阿尼加;;;;;;;;;;;;x
PROV2043;奥罗帕里达;;;;;;;;;;;;x
PROV2044;德斯波纳;;;;;;;;;;;;x
PROV2045;母亲地;;;;;;;;;;;;x
PROV2046;疾风海角;;;;;;;;;;;;x
PROV2047;布罗德费尔德 1;;;;;;;;;;;;x
PROV2048;卡拉曼 2;;;;;;;;;;;;x
PROV2049;盖塔灯塔;;;;;;;;;;;;x
PROV2050;比卡尔;;;;;;;;;;;;x
PROV2051;Coaltubar;;;;;;;;;;;;x
PROV2052;Teamsoar;;;;;;;;;;;;x
PROV2053;库尔欣塔 1;;;;;;;;;;;;x
PROV2054;塔尔沃纳;;;;;;;;;;;;x
PROV2055;普里什蒂耐;;;;;;;;;;;;x
PROV2056;Zalithi 2;;;;;;;;;;;;x
PROV2057;Great Lakes 54;;;;;;;;;;;;x
PROV2058;Minogulf 8;;;;;;;;;;;;x
PROV2059;利马尼;;;;;;;;;;;;x
PROV2060;阿格拉达;;;;;;;;;;;;x
PROV2061;卡伦;;;;;;;;;;;;x
PROV2062;坎纳比亚 1;;;;;;;;;;;;x
PROV2063;扎尔马雷 26;;;;;;;;;;;;x
PROV2064;Great Lakes 55;;;;;;;;;;;;x
PROV2065;无尽;;;;;;;;;;;;x
PROV2066;尊巴拿 1;;;;;;;;;;;;x
PROV2067;坎纳比亚 2;;;;;;;;;;;;x
PROV2068;扎泽布;;;;;;;;;;;;x
PROV2069;Minogulf 9;;;;;;;;;;;;x
PROV2070;布罗德费尔德 2;;;;;;;;;;;;x
PROV2071;月照;;;;;;;;;;;;x
PROV2072;暴风雨;;;;;;;;;;;;x
PROV2073;North Zajhari;;;;;;;;;;;;x
PROV2074;跛扎雷瓦茨;;;;;;;;;;;;x
PROV2075;德迦扎;;;;;;;;;;;;x
PROV2076;凯塔 1;;;;;;;;;;;;x
PROV2077;马图鲁比斯;;;;;;;;;;;;x
PROV2078;凯塔 2;;;;;;;;;;;;x
PROV2079;兹科马 1;;;;;;;;;;;;x
PROV2080;卢米;;;;;;;;;;;;x
PROV2081;祖阿特 1;;;;;;;;;;;;x
PROV2082;扎杰哈里 3;;;;;;;;;;;;x
PROV2083;Neighiris;;;;;;;;;;;;x
PROV2084;祖尔;;;;;;;;;;;;x
PROV2085;布罗德费尔德 3;;;;;;;;;;;;x
PROV2086;Western Unknown Sea 2;;;;;;;;;;;;x
PROV2087;远溪;;;;;;;;;;;;x
PROV2088;怒河;;;;;;;;;;;;x
PROV2089;新马扎尔;;;;;;;;;;;;x
PROV2090;格里芬姆;;;;;;;;;;;;x
PROV2091;克里克廷达;;;;;;;;;;;;x
PROV2092;Minogulf 10;;;;;;;;;;;;x
PROV2093;尊巴拿;;;;;;;;;;;;x
PROV2094;阿兹宾;;;;;;;;;;;;x
PROV2095;艾克利西亚;;;;;;;;;;;;x
PROV2096;Taurus Archipelago;;;;;;;;;;;;x
PROV2097;犬镇;;;;;;;;;;;;x
PROV2098;卡伦 1;;;;;;;;;;;;x
PROV2099;拉里奥斯;;;;;;;;;;;;x
PROV2100;Minogulf 11;;;;;;;;;;;;x
PROV2101;卡扎-阿尔-吠;;;;;;;;;;;;x
PROV2102;铁盔镇;;;;;;;;;;;;x
PROV2103;普罗斯佩罗;;;;;;;;;;;;x
PROV2104;Almanes;;;;;;;;;;;;x
PROV2105;莉莱 1;;;;;;;;;;;;x
PROV2106;Great Lakes 56;;;;;;;;;;;;x
PROV2107;湿堤;;;;;;;;;;;;x
PROV2108;尊德;;;;;;;;;;;;x
PROV2109;迪特-卡扎尔 1;;;;;;;;;;;;x
PROV2110;Minogulf 12;;;;;;;;;;;;x
PROV2111;纯净领 1;;;;;;;;;;;;x
PROV2112;特维特;;;;;;;;;;;;x
PROV2113;兹帕苏 1;;;;;;;;;;;;x
PROV2114;湖海城;;;;;;;;;;;;x
PROV2115;马希斯特;;;;;;;;;;;;x
PROV2116;兹科马;;;;;;;;;;;;x
PROV2117;扎杰哈里 4;;;;;;;;;;;;x
PROV2118;恐怖沼泽;;;;;;;;;;;;x
PROV2119;Dead Sea 1;;;;;;;;;;;;x
PROV2120;宰兰卡拉;;;;;;;;;;;;x
PROV2121;莉莱 2;;;;;;;;;;;;x
PROV2122;萨尔玛克;;;;;;;;;;;;x
PROV2123;扎尔马雷 27;;;;;;;;;;;;x
PROV2124;Dead Sea 2;;;;;;;;;;;;x
PROV2125;凯翋托;;;;;;;;;;;;x
PROV2126;Ravensee 3;;;;;;;;;;;;x
PROV2127;迦骀基;;;;;;;;;;;;x
PROV2128;雀城 1;;;;;;;;;;;;x
PROV2129;基绍;;;;;;;;;;;;x
PROV2130;雀城;;;;;;;;;;;;x
PROV2131;巴克斯;;;;;;;;;;;;x
PROV2132;迪特-卡扎尔;;;;;;;;;;;;x
PROV2133;宰宾乌普;;;;;;;;;;;;x
PROV2134;洛萨;;;;;;;;;;;;x
PROV2135;鹿特德丹;;;;;;;;;;;;x
PROV2136;湿堤 1;;;;;;;;;;;;x
PROV2137;迦骀基 1;;;;;;;;;;;;x
PROV2138;Aetia 1;;;;;;;;;;;;x
PROV2139;钻石山;;;;;;;;;;;;x
PROV2140;临海市;;;;;;;;;;;;x
PROV2141;卡伦 2;;;;;;;;;;;;x
PROV2142;莉莱;;;;;;;;;;;;x
PROV2143;德金塔;;;;;;;;;;;;x
PROV2144;伊斯帕度;;;;;;;;;;;;x
PROV2145;扎尔马雷 28;;;;;;;;;;;;x
PROV2146;星临城;;;;;;;;;;;;x
PROV2147;腾马;;;;;;;;;;;;x
PROV2148;尼埃夏;;;;;;;;;;;;x
PROV2149;瓦尔-毛斯;;;;;;;;;;;;x
PROV2150;库尔欣塔 2;;;;;;;;;;;;x
PROV2151;宰宾乌普 1;;;;;;;;;;;;x
PROV2152;Aster's Bay 1;;;;;;;;;;;;x
PROV2153;Minogulf 13;;;;;;;;;;;;x
PROV2154;Invharness;;;;;;;;;;;;x
PROV2155;迪特-卡扎尔 2;;;;;;;;;;;;x
PROV2156;泽德瓦;;;;;;;;;;;;x
PROV2157;科塔利亚;;;;;;;;;;;;x
PROV2158;金十字;;;;;;;;;;;;x
PROV2159;扎普基;;;;;;;;;;;;x
PROV2160;Aetia 2;;;;;;;;;;;;x
PROV2161;雀城 2;;;;;;;;;;;;x
PROV2162;净松林;;;;;;;;;;;;x
PROV2163;Ravensee 4;;;;;;;;;;;;x
PROV2164;Dimondia 2;;;;;;;;;;;;x
PROV2165;Minogulf 14;;;;;;;;;;;;x
PROV2166;欧雷斯克;;;;;;;;;;;;x
PROV2167;Open Sea 1;;;;;;;;;;;;x
PROV2168;库尔欣塔 3;;;;;;;;;;;;x
PROV2169;阿齐尔;;;;;;;;;;;;x
PROV2170;浩坦;;;;;;;;;;;;x
PROV2171;阿马西亚;;;;;;;;;;;;x
PROV2172;科罗维亚;;;;;;;;;;;;x
PROV2173;夸提亚;;;;;;;;;;;;x
PROV2174;扎萨杜尔;;;;;;;;;;;;x
PROV2175;德拉科尼亚;;;;;;;;;;;;x
PROV2176;莉莱 3;;;;;;;;;;;;x
PROV2177;Balefast;;;;;;;;;;;;x
PROV2178;虫木之森 1;;;;;;;;;;;;x
PROV2179;安格曾;;;;;;;;;;;;x
PROV2180;巴班堡;;;;;;;;;;;;x
PROV2181;扎卡伊马哈 1;;;;;;;;;;;;x
PROV2182;Northern Dead Sea 1;;;;;;;;;;;;x
PROV2183;兹帕苏;;;;;;;;;;;;x
PROV2184;Minogulf 15;;;;;;;;;;;;x
PROV2185;学院 1;;;;;;;;;;;;x
PROV2186;梅洛普;;;;;;;;;;;;x
PROV2187;维塔里耶 1;;;;;;;;;;;;x
PROV2188;莉莱 4;;;;;;;;;;;;x
PROV2189;Aster's Bay 2;;;;;;;;;;;;x
PROV2190;克尔库西瓦;;;;;;;;;;;;x
PROV2191;迪特-卡扎尔 3;;;;;;;;;;;;x
PROV2192;兹帕苏 2;;;;;;;;;;;;x
PROV2193;朋特勒斯;;;;;;;;;;;;x
PROV2194;Minogulf 16;;;;;;;;;;;;x
PROV2195;基韦辛;;;;;;;;;;;;x
PROV2196;Zeordu-Amanesya 1;;;;;;;;;;;;x
PROV2197;布格斯米尔;;;;;;;;;;;;x
PROV2198;马里博尔 1;;;;;;;;;;;;x
PROV2199;Northern Dead Sea 2;;;;;;;;;;;;x
PROV2200;基什;;;;;;;;;;;;x
PROV2201;Pon River 1;;;;;;;;;;;;x
PROV2202;赫基沃兹;;;;;;;;;;;;x
PROV2203;鬃吉什拉克;;;;;;;;;;;;x
PROV2204;墨伽利斯;;;;;;;;;;;;x
PROV2205;伊奈;;;;;;;;;;;;x
PROV2206;胡撒卡;;;;;;;;;;;;x
PROV2207;珀开普特拉 1;;;;;;;;;;;;x
PROV2208;暴雪湾;;;;;;;;;;;;x
PROV2209;斑马普;;;;;;;;;;;;x
PROV2210;西迪亚;;;;;;;;;;;;x
PROV2211;雨堡 1;;;;;;;;;;;;x
PROV2212;纯净领 2;;;;;;;;;;;;x
PROV2213;盐岛;;;;;;;;;;;;x
PROV2214;Castlebrayney;;;;;;;;;;;;x
PROV2215;Gelion and Kekion 1;;;;;;;;;;;;x
PROV2216;索瓦茨基;;;;;;;;;;;;x
PROV2217;珀开普特拉 2;;;;;;;;;;;;x
PROV2218;Mahanadi River 1;;;;;;;;;;;;x
PROV2219;马里博尔;;;;;;;;;;;;x
PROV2220;Amar River;;;;;;;;;;;;x
PROV2221;Chykchyryn-Pohryfynnja 1;;;;;;;;;;;;x
PROV2222;什克璃莎;;;;;;;;;;;;x
PROV2223;Minogulf 17;;;;;;;;;;;;x
PROV2224;Minogulf 18;;;;;;;;;;;;x
PROV2225;狄波斯;;;;;;;;;;;;x
PROV2226;Great Mellifluve 1;;;;;;;;;;;;x
PROV2227;卡玛菲;;;;;;;;;;;;x
PROV2228;珀开普特拉 3;;;;;;;;;;;;x
PROV2229;卡林斯克;;;;;;;;;;;;x
PROV2230;Northern Dead Sea 3;;;;;;;;;;;;x
PROV2231;兹帕苏 3;;;;;;;;;;;;x
PROV2232;兹杰卜拉;;;;;;;;;;;;x
PROV2233;马尔里耶;;;;;;;;;;;;x
PROV2234;Saltford;;;;;;;;;;;;x
PROV2235;奇达奇鲁德;;;;;;;;;;;;x
PROV2236;宰乌尔都;;;;;;;;;;;;x
PROV2237;蒂亚斯;;;;;;;;;;;;x
PROV2238;Dead Sea 3;;;;;;;;;;;;x
PROV2239;雨堡 2;;;;;;;;;;;;x
PROV2240;马里博尔 2;;;;;;;;;;;;x
PROV2241;特鲁卡特 1;;;;;;;;;;;;x
PROV2242;Gelion and Kekion 2;;;;;;;;;;;;x
PROV2243;Zeordu-Amanesya 2;;;;;;;;;;;;x
PROV2244;圣剑城;;;;;;;;;;;;x
PROV2245;Dead Sea 4;;;;;;;;;;;;x
PROV2246;霍鲁巴斯卡;;;;;;;;;;;;x
PROV2247;杜尔加里尔 1;;;;;;;;;;;;x
PROV2248;Hug River;;;;;;;;;;;;x
PROV2249;米诺斯;;;;;;;;;;;;x
PROV2250;斯科帕多弗斯基;;;;;;;;;;;;x
PROV2251;樱花港;;;;;;;;;;;;x
PROV2252;纯净领;;;;;;;;;;;;x
PROV2253;Greneclyf 1;;;;;;;;;;;;x
PROV2254;Clopmel;;;;;;;;;;;;x
PROV2255;兹帕苏 4;;;;;;;;;;;;x
PROV2256;Zeordu-Amanesya 3;;;;;;;;;;;;x
PROV2257;South Zuat;;;;;;;;;;;;x
PROV2258;维亚托雷;;;;;;;;;;;;x
PROV2259;维塔里耶 2;;;;;;;;;;;;x
PROV2260;雨堡 3;;;;;;;;;;;;x
PROV2261;杜尔加里尔 2;;;;;;;;;;;;x
PROV2262;马里博尔 3;;;;;;;;;;;;x
PROV2263;卡曼格丹;;;;;;;;;;;;x
PROV2264;凯辅;;;;;;;;;;;;x
PROV2265;特鲁卡特 2;;;;;;;;;;;;x
PROV2266;Grainoble;;;;;;;;;;;;x
PROV2267;守卫者之野 1;;;;;;;;;;;;x
PROV2268;准吉尔;;;;;;;;;;;;x
PROV2269;Tiger River;;;;;;;;;;;;x
PROV2270;Boca de Selva;;;;;;;;;;;;x
PROV2271;扎卡伊马哈;;;;;;;;;;;;x
PROV2272;雨堡;;;;;;;;;;;;x
PROV2273;蓬巴尔;;;;;;;;;;;;x
PROV2274;上马瓦克;;;;;;;;;;;;x
PROV2275;Montponnier;;;;;;;;;;;;x
PROV2276;雨堡 4;;;;;;;;;;;;x
PROV2277;杜布罗夫嘶;;;;;;;;;;;;x
PROV2278;扎卡伊马哈 2;;;;;;;;;;;;x
PROV2279;阿戈迪亚;;;;;;;;;;;;x
PROV2280;赛特朗;;;;;;;;;;;;x
PROV2281;纳阿尔塔 1;;;;;;;;;;;;x
PROV2282;罗格斯;;;;;;;;;;;;x
PROV2283;马胡巴;;;;;;;;;;;;x
PROV2284;奇克奇林;;;;;;;;;;;;x
PROV2285;North Macaianas;;;;;;;;;;;;x
PROV2286;祖塔;;;;;;;;;;;;x
PROV2287;毕达哥拉斯;;;;;;;;;;;;x
PROV2288;大林地 1;;;;;;;;;;;;x
PROV2289;Vedina River 1;;;;;;;;;;;;x
PROV2290;大林地 2;;;;;;;;;;;;x
PROV2291;Numareata;;;;;;;;;;;;x
PROV2292;Pon River;;;;;;;;;;;;x
PROV2293;Night Forest 1;;;;;;;;;;;;x
PROV2294;高鬃城;;;;;;;;;;;;x
PROV2295;沙棘果镇;;;;;;;;;;;;x
PROV2296;Grande Floresta 1;;;;;;;;;;;;x
PROV2297;Central Zuat;;;;;;;;;;;;x
PROV2298;可露;;;;;;;;;;;;x
PROV2299;North Zuat;;;;;;;;;;;;x
PROV2300;特鲁卡特;;;;;;;;;;;;x
PROV2301;毕达哥拉斯 1;;;;;;;;;;;;x
PROV2302;马瓦克 1;;;;;;;;;;;;x
PROV2303;圣灵堡 1;;;;;;;;;;;;x
PROV2304;Night Forest 2;;;;;;;;;;;;x
PROV2305;Greneclyf 2;;;;;;;;;;;;x
PROV2306;汉奈;;;;;;;;;;;;x
PROV2307;巴卡拉 1;;;;;;;;;;;;x
PROV2308;蹶克兰;;;;;;;;;;;;x
PROV2309;诺伊·堪诺萨斯;;;;;;;;;;;;x
PROV2310;马热加;;;;;;;;;;;;x
PROV2311;马瓦克;;;;;;;;;;;;x
PROV2312;莫斯卡达;;;;;;;;;;;;x
PROV2313;Chykchyryn-Pohryfynnja 2;;;;;;;;;;;;x
PROV2314;沃罗纳斯卡;;;;;;;;;;;;x
PROV2315;Kaynta Dooxada 1;;;;;;;;;;;;x
PROV2316;祖鲁木齐 1;;;;;;;;;;;;x
PROV2317;斯塔鲁石阵;;;;;;;;;;;;x
PROV2318;维塔里耶;;;;;;;;;;;;x
PROV2319;Kaynta Dooxada 2;;;;;;;;;;;;x
PROV2320;杜尔加里尔 3;;;;;;;;;;;;x
PROV2321;Night Forest 3;;;;;;;;;;;;x
PROV2322;克孜勒斑;;;;;;;;;;;;x
PROV2323;扎卡伊马哈 3;;;;;;;;;;;;x
PROV2324;大林地 3;;;;;;;;;;;;x
PROV2325;克孜勒斑 1;;;;;;;;;;;;x
PROV2326;Minogulf 19;;;;;;;;;;;;x
PROV2327;Southeast Macaianas;;;;;;;;;;;;x
PROV2328;呐帕塔;;;;;;;;;;;;x
PROV2329;Hug River 1;;;;;;;;;;;;x
PROV2330;Minogulf 20;;;;;;;;;;;;x
PROV2331;巴卡拉;;;;;;;;;;;;x
PROV2332;Minogulf 21;;;;;;;;;;;;x
PROV2333;里亚波图;;;;;;;;;;;;x
PROV2334;Dead Sea 5;;;;;;;;;;;;x
PROV2335;纳阿尔塔 2;;;;;;;;;;;;x
PROV2336;Torqlan;;;;;;;;;;;;x
PROV2337;格吕普斯堡;;;;;;;;;;;;x
PROV2338;艾斯玲;;;;;;;;;;;;x
PROV2339;祖鲁木齐 2;;;;;;;;;;;;x
PROV2340;杜尔加里尔 4;;;;;;;;;;;;x
PROV2341;艾宛角;;;;;;;;;;;;x
PROV2342;大林地;;;;;;;;;;;;x
PROV2343;Guri Dhurwaa 1;;;;;;;;;;;;x
PROV2344;巴卡拉 2;;;;;;;;;;;;x
PROV2345;瑟米里西亚;;;;;;;;;;;;x
PROV2346;马加纳;;;;;;;;;;;;x
PROV2347;走马川;;;;;;;;;;;;x
PROV2348;布克哈拉;;;;;;;;;;;;x
PROV2349;Kaynta Dooxada;;;;;;;;;;;;x
PROV2350;马内克;;;;;;;;;;;;x
PROV2351;Kaynta Dooxada 3;;;;;;;;;;;;x
PROV2352;Cisco;;;;;;;;;;;;x
PROV2353;落叶松谷 1;;;;;;;;;;;;x
PROV2354;雷霆盆地;;;;;;;;;;;;x
PROV2355;嘶雷特瓦 1;;;;;;;;;;;;x
PROV2356;帕农斯基;;;;;;;;;;;;x
PROV2357;火线 1;;;;;;;;;;;;x
PROV2358;深井镇;;;;;;;;;;;;x
PROV2359;灯塔山;;;;;;;;;;;;x
PROV2360;Balisement 1;;;;;;;;;;;;x
PROV2361;迷宫;;;;;;;;;;;;x
PROV2362;Qalbi Weyn;;;;;;;;;;;;x
PROV2363;Mount Fyrd;;;;;;;;;;;;x
PROV2364;乌尔赞奇;;;;;;;;;;;;x
PROV2365;马拉卡;;;;;;;;;;;;x
PROV2366;Minogulf 22;;;;;;;;;;;;x
PROV2367;蹄铁城;;;;;;;;;;;;x
PROV2368;驹塔坦;;;;;;;;;;;;x
PROV2369;弗约德谷 1;;;;;;;;;;;;x
PROV2370;Ilhas Tres Irmaos 1;;;;;;;;;;;;x
PROV2371;Virmanevitca;;;;;;;;;;;;x
PROV2372;Northern Dead Sea 4;;;;;;;;;;;;x
PROV2373;祖鲁木齐;;;;;;;;;;;;x
PROV2374;Balisement 2;;;;;;;;;;;;x
PROV2375;杜尔加里尔;;;;;;;;;;;;x
PROV2376;凯基翁;;;;;;;;;;;;x
PROV2377;越冬角;;;;;;;;;;;;x
PROV2378;Stag Creek;;;;;;;;;;;;x
PROV2379;普日热茨卡;;;;;;;;;;;;x
PROV2380;Nea Ioneigha;;;;;;;;;;;;x
PROV2381;落叶松谷 2;;;;;;;;;;;;x
PROV2382;江源城;;;;;;;;;;;;x
PROV2383;Ada Islands 1;;;;;;;;;;;;x
PROV2384;比亚利斯塔达;;;;;;;;;;;;x
PROV2385;火线 2;;;;;;;;;;;;x
PROV2386;卓马干;;;;;;;;;;;;x
PROV2387;Corfur;;;;;;;;;;;;x
PROV2388;北山谷;;;;;;;;;;;;x
PROV2389;蹶克兰 1;;;;;;;;;;;;x
PROV2390;花果山;;;;;;;;;;;;x
PROV2391;Manez;;;;;;;;;;;;x
PROV2392;Adishu 1;;;;;;;;;;;;x
PROV2393;格乌拉;;;;;;;;;;;;x
PROV2394;腾拉斯;;;;;;;;;;;;x
PROV2395;Minogulf 23;;;;;;;;;;;;x
PROV2396;顿波;;;;;;;;;;;;x
PROV2397;嘶雷特瓦 2;;;;;;;;;;;;x
PROV2398;Guri Dhurwaa 2;;;;;;;;;;;;x
PROV2399;Ariesschloss;;;;;;;;;;;;x
PROV2400;卡尔夫库姆 1;;;;;;;;;;;;x
PROV2401;萨格勒布;;;;;;;;;;;;x
PROV2402;哭咽壑;;;;;;;;;;;;x
PROV2403;扎拉格丹;;;;;;;;;;;;x
PROV2404;山羊莱斯坦 1;;;;;;;;;;;;x
PROV2405;Adishu 2;;;;;;;;;;;;x
PROV2406;Narponne;;;;;;;;;;;;x
PROV2407;Ilhas Tres Irmaos 2;;;;;;;;;;;;x
PROV2408;Great Lakes 57;;;;;;;;;;;;x
PROV2409;Aikartuq;;;;;;;;;;;;x
PROV2410;驹林斯;;;;;;;;;;;;x
PROV2411;卡尔-阿勒帕卡 1;;;;;;;;;;;;x
PROV2412;江源城 1;;;;;;;;;;;;x
PROV2413;Tequeluq;;;;;;;;;;;;x
PROV2414;山羊莱斯坦 2;;;;;;;;;;;;x
PROV2415;山羊莱斯坦 3;;;;;;;;;;;;x
PROV2416;帕帕吉拉;;;;;;;;;;;;x
PROV2417;阿迪苏;;;;;;;;;;;;x
PROV2418;威腾堡;;;;;;;;;;;;x
PROV2419;达佐古兹;;;;;;;;;;;;x
PROV2420;格什姆;;;;;;;;;;;;x
PROV2421;Minogulf 24;;;;;;;;;;;;x
PROV2422;大岛;;;;;;;;;;;;x
PROV2423;加贾尔 1;;;;;;;;;;;;x
PROV2424;火线;;;;;;;;;;;;x
PROV2425;火线 3;;;;;;;;;;;;x
PROV2426;Minogulf 25;;;;;;;;;;;;x
PROV2427;烈火海岸 2;;;;;;;;;;;;x
PROV2428;草根;;;;;;;;;;;;x
PROV2429;Grande Floresta 2;;;;;;;;;;;;x
PROV2430;Adishu 3;;;;;;;;;;;;x
PROV2431;Barrad-Elisay 1;;;;;;;;;;;;x
PROV2432;蹄彻斯特;;;;;;;;;;;;x
PROV2433;Lemarenek;;;;;;;;;;;;x
PROV2434;科雷焦;;;;;;;;;;;;x
PROV2435;卡尔-阿勒帕卡 2;;;;;;;;;;;;x
PROV2436;喀喇米尔 1;;;;;;;;;;;;x
PROV2437;柯什噶尔;;;;;;;;;;;;x
PROV2438;加贾尔 2;;;;;;;;;;;;x
PROV2439;马戈斯;;;;;;;;;;;;x
PROV2440;Northern Dead Sea 5;;;;;;;;;;;;x
PROV2441;埃律西昂;;;;;;;;;;;;x
PROV2442;Kalamareia;;;;;;;;;;;;x
PROV2443;金托尔;;;;;;;;;;;;x
PROV2444;Adishu 4;;;;;;;;;;;;x
PROV2445;布克哈拉 1;;;;;;;;;;;;x
PROV2446;火线 4;;;;;;;;;;;;x
PROV2447;骆坎德 1;;;;;;;;;;;;x
PROV2448;Lhazco 1;;;;;;;;;;;;x
PROV2449;菲尔港;;;;;;;;;;;;x
PROV2450;帕帕吉拉 1;;;;;;;;;;;;x
PROV2451;加贾尔 3;;;;;;;;;;;;x
PROV2452;Zuslanorse;;;;;;;;;;;;x
PROV2453;卡尔-阿勒帕卡;;;;;;;;;;;;x
PROV2454;白木;;;;;;;;;;;;x
PROV2455;赫尤西赛因·阿纳帕特;;;;;;;;;;;;x
PROV2456;驹马域 1;;;;;;;;;;;;x
PROV2457;Great Lakes 58;;;;;;;;;;;;x
PROV2458;马瓦拉;;;;;;;;;;;;x
PROV2459;Muskitoq;;;;;;;;;;;;x
PROV2460;Dead Sea 6;;;;;;;;;;;;x
PROV2461;Minogulf 26;;;;;;;;;;;;x
PROV2462;戴尔莫;;;;;;;;;;;;x
PROV2463;艾罗城;;;;;;;;;;;;x
PROV2464;Great Lakes 59;;;;;;;;;;;;x
PROV2465;Great Lakes 60;;;;;;;;;;;;x
PROV2466;Ilhas Tres Irmaos 3;;;;;;;;;;;;x
PROV2467;Barrad-Elisay 2;;;;;;;;;;;;x
PROV2468;加贾尔 4;;;;;;;;;;;;x
PROV2469;斯塔拉;;;;;;;;;;;;x
PROV2470;卡斯港;;;;;;;;;;;;x
PROV2471;塔吉-霍格尔山 1;;;;;;;;;;;;x
PROV2472;烈沙;;;;;;;;;;;;x
PROV2473;喀喇米尔 2;;;;;;;;;;;;x
PROV2474;卡尔夫库姆 2;;;;;;;;;;;;x
PROV2475;Olho Selgado 1;;;;;;;;;;;;x
PROV2476;喀喇米尔;;;;;;;;;;;;x
PROV2477;马卡利亚;;;;;;;;;;;;x
PROV2478;绯红群岛 1;;;;;;;;;;;;x
PROV2479;Great Lakes 61;;;;;;;;;;;;x
PROV2480;Minogulf 27;;;;;;;;;;;;x
PROV2481;Vedina River;;;;;;;;;;;;x
PROV2482;加贾尔;;;;;;;;;;;;x
PROV2483;驹马域 2;;;;;;;;;;;;x
PROV2484;卡拉曼塔;;;;;;;;;;;;x
PROV2485;Lhazco 2;;;;;;;;;;;;x
PROV2486;杜拉;;;;;;;;;;;;x
PROV2487;欣德 1;;;;;;;;;;;;x
PROV2488;驹马域 3;;;;;;;;;;;;x
PROV2489;奥夫克里夫;;;;;;;;;;;;x
PROV2490;欣德 2;;;;;;;;;;;;x
PROV2491;Olho Selgado 2;;;;;;;;;;;;x
PROV2492;阿辛蒂工坊;;;;;;;;;;;;x
PROV2493;Mahanadi River 2;;;;;;;;;;;;x
PROV2494;Minogulf 28;;;;;;;;;;;;x
PROV2495;若昂帕帕加尤;;;;;;;;;;;;x
PROV2496;Rio de Jendaia 1;;;;;;;;;;;;x
PROV2497;Rio de Jendaia 2;;;;;;;;;;;;x
PROV2498;公平边区 1;;;;;;;;;;;;x
PROV2499;Thessalneighki;;;;;;;;;;;;x
PROV2500;扎什;;;;;;;;;;;;x
PROV2501;Minogulf 29;;;;;;;;;;;;x
PROV2502;欣德 3;;;;;;;;;;;;x
PROV2503;Olho Selgado 3;;;;;;;;;;;;x
PROV2504;塔吉-霍格尔山 2;;;;;;;;;;;;x
PROV2505;Olho Selgado 4;;;;;;;;;;;;x
PROV2506;维拉之塔;;;;;;;;;;;;x
PROV2507;Great Lakes 62;;;;;;;;;;;;x
PROV2508;杭吉斯特·朱尔 1;;;;;;;;;;;;x
PROV2509;吉兹利群岛 1;;;;;;;;;;;;x
PROV2510;巴尔兹尔·扎伊尔;;;;;;;;;;;;x
PROV2511;圣佩纳里奥;;;;;;;;;;;;x
PROV2512;宁部西;;;;;;;;;;;;x
PROV2513;圣佩纳里奥 1;;;;;;;;;;;;x
PROV2514;寰楚;;;;;;;;;;;;x
PROV2515;喀喇米尔 3;;;;;;;;;;;;x
PROV2516;里奥德扬达亚;;;;;;;;;;;;x
PROV2517;罗斯卡岛;;;;;;;;;;;;x
PROV2518;Abbercurnig;;;;;;;;;;;;x
PROV2519;伏尔纳;;;;;;;;;;;;x
PROV2520;公平边区 2;;;;;;;;;;;;x
PROV2521;Lake Tampuk 1;;;;;;;;;;;;x
PROV2522;繁花之野;;;;;;;;;;;;x
PROV2523;Lhazco;;;;;;;;;;;;x
PROV2524;普沃克措茨;;;;;;;;;;;;x
PROV2525;大坎波 1;;;;;;;;;;;;x
PROV2526;安之地;;;;;;;;;;;;x
PROV2527;Yangua 1;;;;;;;;;;;;x
PROV2528;波兹屈于;;;;;;;;;;;;x
PROV2529;Grande Floresta 3;;;;;;;;;;;;x
PROV2530;心之丘 1;;;;;;;;;;;;x
PROV2531;清藻城;;;;;;;;;;;;x
PROV2532;斯特拉托斯;;;;;;;;;;;;x
PROV2533;拉文尼;;;;;;;;;;;;x
PROV2534;骆坎德 2;;;;;;;;;;;;x
PROV2535;圣佩纳里奥 2;;;;;;;;;;;;x
PROV2536;喀喇米尔 4;;;;;;;;;;;;x
PROV2537;吉兹利群岛 2;;;;;;;;;;;;x
PROV2538;Minogulf 30;;;;;;;;;;;;x
PROV2539;Hjardholt;;;;;;;;;;;;x
PROV2540;杭吉斯特·朱尔;;;;;;;;;;;;x
PROV2541;公平边区 3;;;;;;;;;;;;x
PROV2542;欣德;;;;;;;;;;;;x
PROV2543;大坎波 2;;;;;;;;;;;;x
PROV2544;卡翁吉吉;;;;;;;;;;;;x
PROV2545;查梅骆坎德;;;;;;;;;;;;x
PROV2546;赫雷尼里;;;;;;;;;;;;x
PROV2547;卡尔夫库姆;;;;;;;;;;;;x
PROV2548;Great Lakes 63;;;;;;;;;;;;x
PROV2549;大坎波 3;;;;;;;;;;;;x
PROV2550;Qizilqum;;;;;;;;;;;;x
PROV2551;阿尔托港;;;;;;;;;;;;x
PROV2552;Cachoeiro do Porto 1;;;;;;;;;;;;x
PROV2553;Dead Sea 7;;;;;;;;;;;;x
PROV2554;Reignthymno;;;;;;;;;;;;x
PROV2555;欣德 4;;;;;;;;;;;;x
PROV2556;恩特雷-里奥斯;;;;;;;;;;;;x
PROV2557;朱尔塔维克;;;;;;;;;;;;x
PROV2558;Trotkala;;;;;;;;;;;;x
PROV2559;帕提罗尼亚;;;;;;;;;;;;x
PROV2560;博佳兹喀拉海峡;;;;;;;;;;;;x
PROV2561;Lhazco 3;;;;;;;;;;;;x
PROV2562;林达;;;;;;;;;;;;x
PROV2563;大坎波 4;;;;;;;;;;;;x
PROV2564;希基托;;;;;;;;;;;;x
PROV2565;鹿钵尔;;;;;;;;;;;;x
PROV2566;驼峰巴德;;;;;;;;;;;;x
PROV2567;福娜拉 1;;;;;;;;;;;;x
PROV2568;嘉拉玛 1;;;;;;;;;;;;x
PROV2569;Great Lakes 64;;;;;;;;;;;;x
PROV2570;Qizilqum;;;;;;;;;;;;x
PROV2571;阿雷维利安·阿普 1;;;;;;;;;;;;x
PROV2572;Ioneigha;;;;;;;;;;;;x
PROV2573;Yangua 2;;;;;;;;;;;;x
PROV2574;Cachoeiro do Porto 2;;;;;;;;;;;;x
PROV2575;霍纳维克;;;;;;;;;;;;x
PROV2576;福娜拉 2;;;;;;;;;;;;x
PROV2577;Zuvera;;;;;;;;;;;;x
PROV2578;回声山脉 1;;;;;;;;;;;;x
PROV2579;Minogulf 31;;;;;;;;;;;;x
PROV2580;虬枝橡林 1;;;;;;;;;;;;x
PROV2581;回声山脉 2;;;;;;;;;;;;x
PROV2582;斯尔蒂 霍维特;;;;;;;;;;;;x
PROV2583;Cachoeiro do Porto 3;;;;;;;;;;;;x
PROV2584;巴茨达什特;;;;;;;;;;;;x
PROV2585;Agiz;;;;;;;;;;;;x
PROV2586;Hyusisayin Ap' 1;;;;;;;;;;;;x
PROV2587;古吉鹿特 1;;;;;;;;;;;;x
PROV2588;丁苏卢;;;;;;;;;;;;x
PROV2589;蹄肯特 1;;;;;;;;;;;;x
PROV2590;卡西加拉;;;;;;;;;;;;x
PROV2591;福娜拉 3;;;;;;;;;;;;x
PROV2592;皮驮汗 1;;;;;;;;;;;;x
PROV2593;福娜拉;;;;;;;;;;;;x
PROV2594;Minogulf 32;;;;;;;;;;;;x
PROV2595;Yangua 3;;;;;;;;;;;;x
PROV2596;古吉鹿特 2;;;;;;;;;;;;x
PROV2597;阿帕斯塔纳茨措茨;;;;;;;;;;;;x
PROV2598;回声山脉 3;;;;;;;;;;;;x
PROV2599;皮雷斯多马尔;;;;;;;;;;;;x
PROV2600;Minogulf 33;;;;;;;;;;;;x
PROV2601;Yangua 4;;;;;;;;;;;;x
PROV2602;嘉拉玛 2;;;;;;;;;;;;x
PROV2603;鹿钵尔 1;;;;;;;;;;;;x
PROV2604;马坦达;;;;;;;;;;;;x
PROV2605;特维扎昆巴;;;;;;;;;;;;x
PROV2606;银烨;;;;;;;;;;;;x
PROV2607;Agiz;;;;;;;;;;;;x
PROV2608;Lake Tampuk 2;;;;;;;;;;;;x
PROV2609;Zuvera 1;;;;;;;;;;;;x
PROV2610;阿尔帕坎巴 1;;;;;;;;;;;;x
PROV2611;斯塔加卡;;;;;;;;;;;;x
PROV2612;回声山脉 4;;;;;;;;;;;;x
PROV2613;皮驮汗 2;;;;;;;;;;;;x
PROV2614;虬枝橡林 2;;;;;;;;;;;;x
PROV2615;虬枝橡林 3;;;;;;;;;;;;x
PROV2616;古吉鹿特;;;;;;;;;;;;x
PROV2617;嘉拉玛;;;;;;;;;;;;x
PROV2618;蹄肯特;;;;;;;;;;;;x
PROV2619;古吉鹿特 3;;;;;;;;;;;;x
PROV2620;首壤之地 1;;;;;;;;;;;;x
PROV2621;比尔里克苏;;;;;;;;;;;;x
PROV2622;斯塔加卡 1;;;;;;;;;;;;x
PROV2623;Minogulf 34;;;;;;;;;;;;x
PROV2624;Hyusisayin Ap' 2;;;;;;;;;;;;x
PROV2625;首壤之地 2;;;;;;;;;;;;x
PROV2626;马克'鲁姆;;;;;;;;;;;;x
PROV2627;阿尔帕坎巴 2;;;;;;;;;;;;x
PROV2628;阿尔帕坎巴;;;;;;;;;;;;x
PROV2629;斯塔加卡 2;;;;;;;;;;;;x
PROV2630;古吉鹿特 4;;;;;;;;;;;;x
PROV2631;河口镇;;;;;;;;;;;;x
PROV2632;Yangua 5;;;;;;;;;;;;x
PROV2633;穆桑加诺;;;;;;;;;;;;x
PROV2634;斯塔加卡 3;;;;;;;;;;;;x
PROV2635;虬枝橡林 4;;;;;;;;;;;;x
PROV2636;Incense Bay 1;;;;;;;;;;;;x
PROV2637;玛丽治里 1;;;;;;;;;;;;x
PROV2638;Baniraka;;;;;;;;;;;;x
PROV2639;落角;;;;;;;;;;;;x
PROV2640;嘉拉玛 3;;;;;;;;;;;;x
PROV2641;Lake Tampuk 3;;;;;;;;;;;;x
PROV2642;蒂沙;;;;;;;;;;;;x
PROV2643;多尔特库普鲁;;;;;;;;;;;;x
PROV2644;皮驮汗;;;;;;;;;;;;x
PROV2645;Yangua 6;;;;;;;;;;;;x
PROV2646;下多埃布 1;;;;;;;;;;;;x
PROV2647;鹿钵尔 2;;;;;;;;;;;;x
PROV2648;蹄肯特 2;;;;;;;;;;;;x
PROV2649;中央高原 1;;;;;;;;;;;;x
PROV2650;皮驮汗 3;;;;;;;;;;;;x
PROV2651;下多埃布 2;;;;;;;;;;;;x
PROV2652;弗拉斯卡尔;;;;;;;;;;;;x
PROV2653;玛丽治里 2;;;;;;;;;;;;x
PROV2654;北海滨 1;;;;;;;;;;;;x
PROV2655;伊比亚兹;;;;;;;;;;;;x
PROV2656;Yangua 7;;;;;;;;;;;;x
PROV2657;山根;;;;;;;;;;;;x
PROV2658;Griff-Reinet 1;;;;;;;;;;;;x
PROV2659;奇泰希哈拉;;;;;;;;;;;;x
PROV2660;中央高原 2;;;;;;;;;;;;x
PROV2661;玛里查;;;;;;;;;;;;x
PROV2662;上多埃布 1;;;;;;;;;;;;x
PROV2663;马图凯 1;;;;;;;;;;;;x
PROV2664;努拉伊耶 1;;;;;;;;;;;;x
PROV2665;北风神礼拜堂;;;;;;;;;;;;x
PROV2666;涟漪地;;;;;;;;;;;;x
PROV2667;阿尔帕坎巴 3;;;;;;;;;;;;x
PROV2668;上多埃布 2;;;;;;;;;;;;x
PROV2669;玛丽治里 3;;;;;;;;;;;;x
PROV2670;伊阿利休斯;;;;;;;;;;;;x
PROV2671;下多埃布 3;;;;;;;;;;;;x
PROV2672;马霍纳;;;;;;;;;;;;x
PROV2673;Duifenberg;;;;;;;;;;;;x
PROV2674;努拉伊耶 2;;;;;;;;;;;;x
PROV2675;伊贝伦;;;;;;;;;;;;x
PROV2676;玛丽治里 4;;;;;;;;;;;;x
PROV2677;Lake Tampuk 4;;;;;;;;;;;;x
PROV2678;中央高原 3;;;;;;;;;;;;x
PROV2679;皮驮汗 4;;;;;;;;;;;;x
PROV2680;Tall River 1;;;;;;;;;;;;x
PROV2681;Severyana River 1;;;;;;;;;;;;x
PROV2682;蹶普尔;;;;;;;;;;;;x
PROV2683;阿克苏;;;;;;;;;;;;x
PROV2684;马图凯 2;;;;;;;;;;;;x
PROV2685;Incense Bay 2;;;;;;;;;;;;x
PROV2686;Yangua 8;;;;;;;;;;;;x
PROV2687;马图凯 3;;;;;;;;;;;;x
PROV2688;Doehli 1;;;;;;;;;;;;x
PROV2689;Lake Tampuk 5;;;;;;;;;;;;x
PROV2690;阿克图普拉克;;;;;;;;;;;;x
PROV2691;上多埃布 3;;;;;;;;;;;;x
PROV2692;北海滨 2;;;;;;;;;;;;x
PROV2693;Niuew Rottendestaat 1;;;;;;;;;;;;x
PROV2694;巴尔奇帕 1;;;;;;;;;;;;x
PROV2695;巴尔奇帕;;;;;;;;;;;;x
PROV2696;巴尔奇帕 2;;;;;;;;;;;;x
PROV2697;坻罗;;;;;;;;;;;;x
PROV2698;古尔基;;;;;;;;;;;;x
PROV2699;Manetwa 1;;;;;;;;;;;;x
PROV2700;努拉伊耶 3;;;;;;;;;;;;x
PROV2701;鹿瓦尔 1;;;;;;;;;;;;x
PROV2702;鹿瓦尔 2;;;;;;;;;;;;x
PROV2703;马里克斯堡;;;;;;;;;;;;x
PROV2704;阿尔克斯图里;;;;;;;;;;;;x
PROV2705;穆罗莫·韦尔维兹;;;;;;;;;;;;x
PROV2706;金焰;;;;;;;;;;;;x
PROV2707;还提地;;;;;;;;;;;;x
PROV2708;库佐瓦;;;;;;;;;;;;x
PROV2709;Dandelion Bay 1;;;;;;;;;;;;x
PROV2710;莫卡扎尼;;;;;;;;;;;;x
PROV2711;茨希马尼;;;;;;;;;;;;x
PROV2712;卡拉曼达拉姆 1;;;;;;;;;;;;x
PROV2713;厄尔克萨利;;;;;;;;;;;;x
PROV2714;Incense Bay 3;;;;;;;;;;;;x
PROV2715;Danubray River;;;;;;;;;;;;x
PROV2716;Doehli 2;;;;;;;;;;;;x
PROV2717;巴尔奇帕 3;;;;;;;;;;;;x
PROV2718;伊摩休兰;;;;;;;;;;;;x
PROV2719;吉林希瓦尔;;;;;;;;;;;;x
PROV2720;齐梅;;;;;;;;;;;;x
PROV2721;南丘地 1;;;;;;;;;;;;x
PROV2722;莎努斯卡;;;;;;;;;;;;x
PROV2723;鹿瓦尔;;;;;;;;;;;;x
PROV2724;鹿瓦尔 3;;;;;;;;;;;;x
PROV2725;巴塔屈斯曲;;;;;;;;;;;;x
PROV2726;奥雷利斯;;;;;;;;;;;;x
PROV2727;奥斯特克兰比 1;;;;;;;;;;;;x
PROV2728;珀利斯塔;;;;;;;;;;;;x
PROV2729;Dandelion Bay 2;;;;;;;;;;;;x
PROV2730;马塔德佩拉 1;;;;;;;;;;;;x
PROV2731;Doehli 3;;;;;;;;;;;;x
PROV2732;努莱伊肯特;;;;;;;;;;;;x
PROV2733;Dehler 1;;;;;;;;;;;;x
PROV2734;扎那;;;;;;;;;;;;x
PROV2735;罗阿谟;;;;;;;;;;;;x
PROV2736;阿伦多利亚;;;;;;;;;;;;x
PROV2737;高克苏;;;;;;;;;;;;x
PROV2738;雄鹿地 1;;;;;;;;;;;;x
PROV2739;Dandelion Bay 3;;;;;;;;;;;;x
PROV2740;克洛维斯坦 1;;;;;;;;;;;;x
PROV2741;布勒德港;;;;;;;;;;;;x
PROV2742;Yasilkend;;;;;;;;;;;;x
PROV2743;Dehler 2;;;;;;;;;;;;x
PROV2744;南丘地 2;;;;;;;;;;;;x
PROV2745;北海滨 3;;;;;;;;;;;;x
PROV2746;Dehler 3;;;;;;;;;;;;x
PROV2747;克洛维斯坦;;;;;;;;;;;;x
PROV2748;奥斯特克兰比 2;;;;;;;;;;;;x
PROV2749;马塔德佩拉 2;;;;;;;;;;;;x
PROV2750;卡拉巴泽;;;;;;;;;;;;x
PROV2751;伊沃尔斯霍尔;;;;;;;;;;;;x
PROV2752;扎那 1;;;;;;;;;;;;x
PROV2753;伊尔克谢希尔;;;;;;;;;;;;x
PROV2754;斯里鹿德 1;;;;;;;;;;;;x
PROV2755;巴尔奇帕 4;;;;;;;;;;;;x
PROV2756;卡拉巴泽 1;;;;;;;;;;;;x
PROV2757;姆法莱尼;;;;;;;;;;;;x
PROV2758;克洛维斯坦 2;;;;;;;;;;;;x
PROV2759;Lake Tampuk 6;;;;;;;;;;;;x
PROV2760;Lake Tampuk 7;;;;;;;;;;;;x
PROV2761;Dehler 4;;;;;;;;;;;;x
PROV2762;鹿瓦尔 4;;;;;;;;;;;;x
PROV2763;尼萨利;;;;;;;;;;;;x
PROV2764;克诺夫堡;;;;;;;;;;;;x
PROV2765;乌尊底;;;;;;;;;;;;x
PROV2766;克洛维斯坦 3;;;;;;;;;;;;x
PROV2767;冈鹿纳;;;;;;;;;;;;x
PROV2768;Incense Bay 4;;;;;;;;;;;;x
PROV2769;锡纳克 1;;;;;;;;;;;;x
PROV2770;德勒;;;;;;;;;;;;x
PROV2771;Samliq;;;;;;;;;;;;x
PROV2772;莎努斯卡;;;;;;;;;;;;x
PROV2773;雄鹿地 2;;;;;;;;;;;;x
PROV2774;姆津迦 1;;;;;;;;;;;;x
PROV2775;雄鹿地;;;;;;;;;;;;x
PROV2776;Ichor River;;;;;;;;;;;;x
PROV2777;Limancik;;;;;;;;;;;;x
PROV2778;角霍尔;;;;;;;;;;;;x
PROV2779;奥斯特克兰比;;;;;;;;;;;;x
PROV2780;卡拉巴泽 2;;;;;;;;;;;;x
PROV2781;塔莉莎;;;;;;;;;;;;x
PROV2782;Zumbo;;;;;;;;;;;;x
PROV2783;穆帕内里 1;;;;;;;;;;;;x
PROV2784;基斯鬃尤 1;;;;;;;;;;;;x
PROV2785;大角 1;;;;;;;;;;;;x
PROV2786;茨希马尼 1;;;;;;;;;;;;x
PROV2787;Limancik;;;;;;;;;;;;x
PROV2788;斯里鹿德 2;;;;;;;;;;;;x
PROV2789;扎那 2;;;;;;;;;;;;x
PROV2790;巴干塔;;;;;;;;;;;;x
PROV2791;Incense Bay 5;;;;;;;;;;;;x
PROV2792;Antler Pradesh 1;;;;;;;;;;;;x
PROV2793;麂城;;;;;;;;;;;;x
PROV2794;Lake Tampuk 8;;;;;;;;;;;;x
PROV2795;姆津迦 2;;;;;;;;;;;;x
PROV2796;葛蹄 1;;;;;;;;;;;;x
PROV2797;威赫拉玛;;;;;;;;;;;;x
PROV2798;穆帕内里 2;;;;;;;;;;;;x
PROV2799;莎努斯卡 1;;;;;;;;;;;;x
PROV2800;卡拉巴泽 3;;;;;;;;;;;;x
PROV2801;穆帕内里 3;;;;;;;;;;;;x
PROV2802;姆津迦;;;;;;;;;;;;x
PROV2803;鹿夹卜 1;;;;;;;;;;;;x
PROV2804;Incense Bay 6;;;;;;;;;;;;x
PROV2805;葛蹄;;;;;;;;;;;;x
PROV2806;大角 2;;;;;;;;;;;;x
PROV2807;伊瓦索·泽布罗;;;;;;;;;;;;x
PROV2808;奥斯特克兰比 3;;;;;;;;;;;;x
PROV2809;葛蹄 2;;;;;;;;;;;;x
PROV2810;莎努斯卡 2;;;;;;;;;;;;x
PROV2811;角霍尔 1;;;;;;;;;;;;x
PROV2812;葛蹄 3;;;;;;;;;;;;x
PROV2813;基斯鬃尤 2;;;;;;;;;;;;x
PROV2814;坦阿伊格哈 1;;;;;;;;;;;;x
PROV2815;鞍布塔尔;;;;;;;;;;;;x
PROV2816;角霍尔 2;;;;;;;;;;;;x
PROV2817;鹿夹卜;;;;;;;;;;;;x
PROV2818;Incense Bay 7;;;;;;;;;;;;x
PROV2819;扎木 1;;;;;;;;;;;;x
PROV2820;穆帕内里 4;;;;;;;;;;;;x
PROV2821;Antler Pradesh 2;;;;;;;;;;;;x
PROV2822;大角 3;;;;;;;;;;;;x
PROV2823;扎拉瓦;;;;;;;;;;;;x
PROV2824;卡拉巴泽 4;;;;;;;;;;;;x
PROV2825;大角 4;;;;;;;;;;;;x
PROV2826;Lake Tampuk 9;;;;;;;;;;;;x
PROV2827;鹿夹卜 2;;;;;;;;;;;;x
PROV2828;基斯鬃尤;;;;;;;;;;;;x
PROV2829;葛蹄 4;;;;;;;;;;;;x
PROV2830;马塘城;;;;;;;;;;;;x
PROV2831;Ada Islands 2;;;;;;;;;;;;x
PROV2832;Pakkiyi;;;;;;;;;;;;x
PROV2833;扎木;;;;;;;;;;;;x
PROV2834;萨钦;;;;;;;;;;;;x
PROV2835;坦阿伊格哈 2;;;;;;;;;;;;x
PROV2836;岑纳拉卡纳;;;;;;;;;;;;x
PROV2837;Antler Pradesh 3;;;;;;;;;;;;x
PROV2838;扎木 2;;;;;;;;;;;;x
PROV2839;兹姆潘古;;;;;;;;;;;;x
PROV2840;尼莱亚利沃 1;;;;;;;;;;;;x
PROV2841;Yangua 9;;;;;;;;;;;;x
PROV2842;鹿岛角 1;;;;;;;;;;;;x
PROV2843;喀拉加赤;;;;;;;;;;;;x
PROV2844;Incense Bay 8;;;;;;;;;;;;x
PROV2845;枫树;;;;;;;;;;;;x
PROV2846;Incense Bay 9;;;;;;;;;;;;x
PROV2847;斯特罗姆峡湾;;;;;;;;;;;;x
PROV2848;坎巴拉哈瓦威;;;;;;;;;;;;x
PROV2849;朱杜 1;;;;;;;;;;;;x
PROV2850;Antler Pradesh 4;;;;;;;;;;;;x
PROV2851;兹姆潘古 1;;;;;;;;;;;;x
PROV2852;普渡泰赫 1;;;;;;;;;;;;x
PROV2853;鹿岛角 2;;;;;;;;;;;;x
PROV2854;坦阿伊格哈;;;;;;;;;;;;x
PROV2855;坦阿伊格哈 3;;;;;;;;;;;;x
PROV2856;Menuch River;;;;;;;;;;;;x
PROV2857;Lake Tampuk 10;;;;;;;;;;;;x
PROV2858;Kurrajong;;;;;;;;;;;;x
PROV2859;Merkaanen Forests 1;;;;;;;;;;;;x
PROV2860;雨都;;;;;;;;;;;;x
PROV2861;鹿岛角 3;;;;;;;;;;;;x
PROV2862;坦德骆科尼布;;;;;;;;;;;;x
PROV2863;扎拉瓦 1;;;;;;;;;;;;x
PROV2864;缅奎拉;;;;;;;;;;;;x
PROV2865;普渡泰赫;;;;;;;;;;;;x
PROV2866;巴干塔 1;;;;;;;;;;;;x
PROV2867;普渡泰赫 2;;;;;;;;;;;;x
PROV2868;姆皮塔里卡尼迪米;;;;;;;;;;;;x
PROV2869;扎木 3;;;;;;;;;;;;x
PROV2870;伊瑟布拉;;;;;;;;;;;;x
PROV2871;尼莱亚利沃;;;;;;;;;;;;x
PROV2872;锑郡;;;;;;;;;;;;x
PROV2873;Merkaanen Forests 2;;;;;;;;;;;;x
PROV2874;Cinnabrese;;;;;;;;;;;;x
PROV2875;希蹄 1;;;;;;;;;;;;x
PROV2876;鹿岛角 4;;;;;;;;;;;;x
PROV2877;坦阿伊格哈 4;;;;;;;;;;;;x
PROV2878;惟拉斯坻;;;;;;;;;;;;x
PROV2879;朱杜;;;;;;;;;;;;x
PROV2880;希蹄 2;;;;;;;;;;;;x
PROV2881;酥浥;;;;;;;;;;;;x
PROV2882;扎木 4;;;;;;;;;;;;x
PROV2883;香苋城;;;;;;;;;;;;x
PROV2884;Incense Bay 10;;;;;;;;;;;;x
PROV2885;Merkaanen Forests 3;;;;;;;;;;;;x
PROV2886;普渡泰赫 3;;;;;;;;;;;;x
PROV2887;尼莱亚利沃 2;;;;;;;;;;;;x
PROV2888;扎雷德林迪 1;;;;;;;;;;;;x
PROV2889;苏卡特拉玛雷纳;;;;;;;;;;;;x
PROV2890;兹姆潘古 2;;;;;;;;;;;;x
PROV2891;朱杜 2;;;;;;;;;;;;x
PROV2892;苏卡特拉玛雷纳 1;;;;;;;;;;;;x
PROV2893;普渡泰赫 4;;;;;;;;;;;;x
PROV2894;扎拉瓦 2;;;;;;;;;;;;x
PROV2895;偎言乡 1;;;;;;;;;;;;x
PROV2896;Ginger;;;;;;;;;;;;x
PROV2897;朱杜 3;;;;;;;;;;;;x
PROV2898;Udder Pradesh 1;;;;;;;;;;;;x
PROV2899;Merkaanen Forests 4;;;;;;;;;;;;x
PROV2900;Tall River;;;;;;;;;;;;x
PROV2901;龙舌兰;;;;;;;;;;;;x
PROV2902;阿库兰蒂利亚卡骆瓦;;;;;;;;;;;;x
PROV2903;Durum;;;;;;;;;;;;x
PROV2904;偎言乡 2;;;;;;;;;;;;x
PROV2905;Tall River 2;;;;;;;;;;;;x
PROV2906;扎雷德林迪 2;;;;;;;;;;;;x
PROV2907;Udder Pradesh 2;;;;;;;;;;;;x
PROV2908;鹿岛角;;;;;;;;;;;;x
PROV2909;Lake Tampuk 11;;;;;;;;;;;;x
PROV2910;希蹄;;;;;;;;;;;;x
PROV2911;Tall River 3;;;;;;;;;;;;x
PROV2912;Severyana River;;;;;;;;;;;;x
PROV2913;苏卡特拉玛雷纳 2;;;;;;;;;;;;x
PROV2914;扎雷德林迪;;;;;;;;;;;;x
PROV2915;扎雷德林迪 3;;;;;;;;;;;;x
PROV2916;蹶加拉 1;;;;;;;;;;;;x
PROV2917;Incense Bay 11;;;;;;;;;;;;x
PROV2918;钴黄;;;;;;;;;;;;x
PROV2919;佐万多;;;;;;;;;;;;x
PROV2920;宗果;;;;;;;;;;;;x
PROV2921;Mount Ziragongo;;;;;;;;;;;;x
PROV2922;芳兰;;;;;;;;;;;;x
PROV2923;Cassava;;;;;;;;;;;;x
PROV2924;兹姆潘古 3;;;;;;;;;;;;x
PROV2925;麋鹿森林;;;;;;;;;;;;x
PROV2926;North Buckgal 1;;;;;;;;;;;;x
PROV2927;Incense Bay 12;;;;;;;;;;;;x
PROV2928;黄芪;;;;;;;;;;;;x
PROV2929;Lake Tampuk 12;;;;;;;;;;;;x
PROV2930;加尼兰钵;;;;;;;;;;;;x
PROV2931;Schist;;;;;;;;;;;;x
PROV2932;麋鹿森林 1;;;;;;;;;;;;x
PROV2933;Lake Tampuk 13;;;;;;;;;;;;x
PROV2934;Udder Pradesh 3;;;;;;;;;;;;x
PROV2935;偎言乡 3;;;;;;;;;;;;x
PROV2936;泽萨兰皮;;;;;;;;;;;;x
PROV2937;蹶加拉 2;;;;;;;;;;;;x
PROV2938;希蹄 3;;;;;;;;;;;;x
PROV2939;危峦;;;;;;;;;;;;x
PROV2940;福瑞加坡 1;;;;;;;;;;;;x
PROV2941;Kimberlite;;;;;;;;;;;;x
PROV2942;卡南加;;;;;;;;;;;;x
PROV2943;Chrysanthemum;;;;;;;;;;;;x
PROV2944;祖巴 1;;;;;;;;;;;;x
PROV2945;泽萨兰皮 1;;;;;;;;;;;;x
PROV2946;蹶加拉 3;;;;;;;;;;;;x
PROV2947;North Buckgal 2;;;;;;;;;;;;x
PROV2948;泽萨兰皮 2;;;;;;;;;;;;x
PROV2949;鲁楚鲁;;;;;;;;;;;;x
PROV2950;长石;;;;;;;;;;;;x
PROV2951;蹶加拉;;;;;;;;;;;;x
PROV2952;North Buckgal 3;;;;;;;;;;;;x
PROV2953;福瑞加坡;;;;;;;;;;;;x
PROV2954;色拉姆 1;;;;;;;;;;;;x
PROV2955;Lake Tampuk 14;;;;;;;;;;;;x
PROV2956;Lake Tampuk 15;;;;;;;;;;;;x
PROV2957;Lake Tampuk 16;;;;;;;;;;;;x
PROV2958;宗果 1;;;;;;;;;;;;x
PROV2959;银杏;;;;;;;;;;;;x
PROV2960;Balsa;;;;;;;;;;;;x
PROV2961;麋鹿森林 2;;;;;;;;;;;;x
PROV2962;麝香池;;;;;;;;;;;;x
PROV2963;查谟-希兰 1;;;;;;;;;;;;x
PROV2964;偎言乡 4;;;;;;;;;;;;x
PROV2965;竹芋;;;;;;;;;;;;x
PROV2966;木鹬;;;;;;;;;;;;x
PROV2967;查谟-希兰 2;;;;;;;;;;;;x
PROV2968;山楂;;;;;;;;;;;;x
PROV2969;North Buckgal 4;;;;;;;;;;;;x
PROV2970;吉地马拉;;;;;;;;;;;;x
PROV2971;库伊腾;;;;;;;;;;;;x
PROV2972;泽萨兰皮 3;;;;;;;;;;;;x
PROV2973;Barrad River;;;;;;;;;;;;x
PROV2974;马黎波里;;;;;;;;;;;;x
PROV2975;色拉姆 2;;;;;;;;;;;;x
PROV2976;至日;;;;;;;;;;;;x
PROV2977;Neighle River;;;;;;;;;;;;x
PROV2978;兀古拉姆;;;;;;;;;;;;x
PROV2979;查谟-希兰;;;;;;;;;;;;x
PROV2980;桑加-桑加;;;;;;;;;;;;x
PROV2981;Lake Tampuk 17;;;;;;;;;;;;x
PROV2982;Yangua 10;;;;;;;;;;;;x
PROV2983;枣陶;;;;;;;;;;;;x
PROV2984;Ungulanum;;;;;;;;;;;;x
PROV2985;祖宾安巴;;;;;;;;;;;;x
PROV2986;厄尔各答;;;;;;;;;;;;x
PROV2987;Ungulanum 1;;;;;;;;;;;;x
PROV2988;马黎波里 1;;;;;;;;;;;;x
PROV2989;马革坞顿;;;;;;;;;;;;x
PROV2990;祖宾安巴 1;;;;;;;;;;;;x
PROV2991;Anise;;;;;;;;;;;;x
PROV2992;查谟-希兰 3;;;;;;;;;;;;x
PROV2993;Lacewood;;;;;;;;;;;;x
PROV2994;Skynavia Delta 1;;;;;;;;;;;;x
PROV2995;罂粟郡;;;;;;;;;;;;x
PROV2996;白墩;;;;;;;;;;;;x
PROV2997;沃野;;;;;;;;;;;;x
PROV2998;马革坞顿 1;;;;;;;;;;;;x
PROV2999;马黎波里 2;;;;;;;;;;;;x
PROV3000;祖巴;;;;;;;;;;;;x
PROV3001;马黎波里 3;;;;;;;;;;;;x
PROV3002;Cordovan;;;;;;;;;;;;x
PROV3003;刃疆;;;;;;;;;;;;x
PROV3004;Incense Bay 13;;;;;;;;;;;;x
PROV3005;黍蕊;;;;;;;;;;;;x
PROV3006;福瑞加坡 2;;;;;;;;;;;;x
PROV3007;香蕨;;;;;;;;;;;;x
PROV3008;Incense Bay 14;;;;;;;;;;;;x
PROV3009;Little Ceram;;;;;;;;;;;;x
PROV3010;Sassafras;;;;;;;;;;;;x
PROV3011;祖宾安巴 2;;;;;;;;;;;;x
PROV3012;祖宾安巴 3;;;;;;;;;;;;x
PROV3013;Coriander;;;;;;;;;;;;x
PROV3014;卡万拉;;;;;;;;;;;;x
PROV3015;板栗;;;;;;;;;;;;x
PROV3016;马黎波里 4;;;;;;;;;;;;x
PROV3017;Yangua 11;;;;;;;;;;;;x
PROV3018;巴卡瓦南;;;;;;;;;;;;x
PROV3019;Nightshade;;;;;;;;;;;;x
PROV3020;Caraway;;;;;;;;;;;;x
PROV3021;Incense Bay 15;;;;;;;;;;;;x
PROV3022;Peridor;;;;;;;;;;;;x
PROV3023;马黎波里 5;;;;;;;;;;;;x
PROV3024;桑梓;;;;;;;;;;;;x
PROV3025;马革坞顿 2;;;;;;;;;;;;x
PROV3026;绽花;;;;;;;;;;;;x
PROV3027;华绫;;;;;;;;;;;;x
PROV3028;Lake Tampuk 18;;;;;;;;;;;;x
PROV3029;Zinnia;;;;;;;;;;;;x
PROV3030;香脂;;;;;;;;;;;;x
PROV3031;Hydrangea;;;;;;;;;;;;x
PROV3032;地锦;;;;;;;;;;;;x
PROV3033;巴骀-那-斑塔约戈;;;;;;;;;;;;x
PROV3034;祖宾安巴 4;;;;;;;;;;;;x
PROV3035;高粱城;;;;;;;;;;;;x
PROV3036;蛇根;;;;;;;;;;;;x
PROV3037;Dandelion Bay;;;;;;;;;;;;x
PROV3038;Poinsettia;;;;;;;;;;;;x
PROV3039;Incense Bay 16;;;;;;;;;;;;x
PROV3040;巴骀-那-斑塔约戈 1;;;;;;;;;;;;x
PROV3041;Garnet;;;;;;;;;;;;x
PROV3042;荞麦;;;;;;;;;;;;x
PROV3043;Harmony River;;;;;;;;;;;;x
PROV3044;番红;;;;;;;;;;;;x
PROV3045;马革坞顿 3;;;;;;;;;;;;x
PROV3046;Cardamom;;;;;;;;;;;;x
PROV3047;Incense Bay 17;;;;;;;;;;;;x
PROV3048;巴骀-那-斑塔约戈 2;;;;;;;;;;;;x
PROV3049;Knotweed;;;;;;;;;;;;x
PROV3050;翠竹;;;;;;;;;;;;x
PROV3051;巴骀-那-斑塔约戈 3;;;;;;;;;;;;x
PROV3052;葱翠;;;;;;;;;;;;x
PROV3053;爪隆坡 1;;;;;;;;;;;;x
PROV3054;泰拉马;;;;;;;;;;;;x
PROV3055;荔桂;;;;;;;;;;;;x
PROV3056;索腊巴亚;;;;;;;;;;;;x
PROV3057;Yangua 12;;;;;;;;;;;;x
PROV3058;扎瓦 1;;;;;;;;;;;;x
PROV3059;Kapok;;;;;;;;;;;;x
PROV3060;那奇玛特;;;;;;;;;;;;x
PROV3061;白毫;;;;;;;;;;;;x
PROV3062;虎须;;;;;;;;;;;;x
PROV3063;Sweetgum;;;;;;;;;;;;x
PROV3064;卡苏布-阿南 1;;;;;;;;;;;;x
PROV3065;苘郡;;;;;;;;;;;;x
PROV3066;爪隆坡;;;;;;;;;;;;x
PROV3067;Sourwood;;;;;;;;;;;;x
PROV3068;茴郡;;;;;;;;;;;;x
PROV3069;帕劳内 1;;;;;;;;;;;;x
PROV3070;珊瑚地;;;;;;;;;;;;x
PROV3071;偰郡;;;;;;;;;;;;x
PROV3072;卡苏布-阿南;;;;;;;;;;;;x
PROV3073;Ginseng;;;;;;;;;;;;x
PROV3074;珐露;;;;;;;;;;;;x
PROV3075;漆树城;;;;;;;;;;;;x
PROV3076;扎瓦 2;;;;;;;;;;;;x
PROV3077;扎瓦 3;;;;;;;;;;;;x
PROV3078;被郡;;;;;;;;;;;;x
PROV3079;爪隆坡 2;;;;;;;;;;;;x
PROV3080;纹银;;;;;;;;;;;;x
PROV3081;巴利西拉克 1;;;;;;;;;;;;x
PROV3082;帕劳内 2;;;;;;;;;;;;x
PROV3083;Hayston River;;;;;;;;;;;;x
PROV3084;Eucalyptus;;;;;;;;;;;;x
PROV3085;素馨;;;;;;;;;;;;x
PROV3086;巴利西拉克 2;;;;;;;;;;;;x
PROV3087;卡锡马兰丹;;;;;;;;;;;;x
PROV3088;帕劳内;;;;;;;;;;;;x
PROV3089;Yarrow;;;;;;;;;;;;x
PROV3090;瑁珑;;;;;;;;;;;;x
PROV3091;涎香;;;;;;;;;;;;x
PROV3092;卡苏布-阿南 2;;;;;;;;;;;;x
PROV3093;柚郡;;;;;;;;;;;;x
PROV3094;卡苏布-阿南 3;;;;;;;;;;;;x
PROV3095;Nettle;;;;;;;;;;;;x
PROV3096;樟脑;;;;;;;;;;;;x
PROV3097;杏郡;;;;;;;;;;;;x
PROV3098;Carnelian;;;;;;;;;;;;x
PROV3099;扎瓦 4;;;;;;;;;;;;x
PROV3100;Glass River 2;;;;;;;;;;;;x
PROV3101;巴利西拉克 3;;;;;;;;;;;;x
PROV3102;Allium;;;;;;;;;;;;x
PROV3103;巴利西拉克;;;;;;;;;;;;x
PROV3104;雪松;;;;;;;;;;;;x
PROV3105;森巴刹;;;;;;;;;;;;x
PROV3106;Emerald River 1;;;;;;;;;;;;x
PROV3107;Yangua 13;;;;;;;;;;;;x
PROV3108;Lake Tampuk 19;;;;;;;;;;;;x
PROV3109;慧净;;;;;;;;;;;;x
PROV3110;Silent River;;;;;;;;;;;;x
PROV3111;土基骀 1;;;;;;;;;;;;x
PROV3112;Karuzungan;;;;;;;;;;;;x
PROV3113;百合;;;;;;;;;;;;x
PROV3114;帕劳内 3;;;;;;;;;;;;x
PROV3115;阿玛兰锡戈-金尼;;;;;;;;;;;;x
PROV3116;豆瓣;;;;;;;;;;;;x
PROV3117;莲座;;;;;;;;;;;;x
PROV3118;Fragrance;;;;;;;;;;;;x
PROV3119;Willow;;;;;;;;;;;;x
PROV3120;铅黄;;;;;;;;;;;;x
PROV3121;Folino 1;;;;;;;;;;;;x
PROV3122;Marjoram;;;;;;;;;;;;x
PROV3123;Viridescent;;;;;;;;;;;;x
PROV3124;Tall River 4;;;;;;;;;;;;x
PROV3125;Central South Kirin Sea;;;;;;;;;;;;x
PROV3126;Heliotrope;;;;;;;;;;;;x
PROV3127;Lake Tampuk;;;;;;;;;;;;x
PROV3128;辰砂;;;;;;;;;;;;x
PROV3129;巴利西拉克 4;;;;;;;;;;;;x
PROV3130;Carnation;;;;;;;;;;;;x
PROV3131;Massi;;;;;;;;;;;;x
PROV3132;花庭;;;;;;;;;;;;x
PROV3133;帕戈巴里翁;;;;;;;;;;;;x
PROV3134;Ironwood;;;;;;;;;;;;x
PROV3135;琼麝;;;;;;;;;;;;x
PROV3136;日露;;;;;;;;;;;;x
PROV3137;卡苏布-阿南 4;;;;;;;;;;;;x
PROV3138;Chalcedony;;;;;;;;;;;;x
PROV3139;土基骀;;;;;;;;;;;;x
PROV3140;土基骀 2;;;;;;;;;;;;x
PROV3141;Southwestern Kirin Sea 1;;;;;;;;;;;;x
PROV3142;Incense Bay 18;;;;;;;;;;;;x
PROV3143;山苍;;;;;;;;;;;;x
PROV3144;Sage;;;;;;;;;;;;x
PROV3145;喙维亚;;;;;;;;;;;;x
PROV3146;香茴;;;;;;;;;;;;x
PROV3147;Jasper;;;;;;;;;;;;x
PROV3148;土基骀 3;;;;;;;;;;;;x
PROV3149;伊帕戈盆德;;;;;;;;;;;;x
PROV3150;楔郡;;;;;;;;;;;;x
PROV3151;Emerald River;;;;;;;;;;;;x
PROV3152;矽硅;;;;;;;;;;;;x
PROV3153;Sumatrot 1;;;;;;;;;;;;x
PROV3154;高岭;;;;;;;;;;;;x
PROV3155;Begonia;;;;;;;;;;;;x
PROV3156;Lake Pagawok 1;;;;;;;;;;;;x
PROV3157;瓷藏;;;;;;;;;;;;x
PROV3158;Lake Pagawok;;;;;;;;;;;;x
PROV3159;Southwestern Kirin Sea;;;;;;;;;;;;x
PROV3160;Carmine;;;;;;;;;;;;x
PROV3161;Feverfew;;;;;;;;;;;;x
PROV3162;格兰 1;;;;;;;;;;;;x
PROV3163;颂赞;;;;;;;;;;;;x
PROV3164;Tall River 5;;;;;;;;;;;;x
PROV3165;Wezuli-Mizor 1;;;;;;;;;;;;x
PROV3166;Lake Tampuk 20;;;;;;;;;;;;x
PROV3167;Hemlock;;;;;;;;;;;;x
PROV3168;Lake Tampuk 21;;;;;;;;;;;;x
PROV3169;子规;;;;;;;;;;;;x
PROV3170;Skyfall Harbor;;;;;;;;;;;;x
PROV3171;合欢;;;;;;;;;;;;x
PROV3172;Incense Bay;;;;;;;;;;;;x
PROV3173;风信城;;;;;;;;;;;;x
PROV3174;塔里卡弓;;;;;;;;;;;;x
PROV3175;Incense Bay 19;;;;;;;;;;;;x
PROV3176;格兰 2;;;;;;;;;;;;x
PROV3177;帕加沃克 1;;;;;;;;;;;;x
PROV3178;Atoyac River;;;;;;;;;;;;x
PROV3179;Vermillion;;;;;;;;;;;;x
PROV3180;Auburn;;;;;;;;;;;;x
PROV3181;Serpentine;;;;;;;;;;;;x
PROV3182;黄沙;;;;;;;;;;;;x
PROV3183;Fir;;;;;;;;;;;;x
PROV3184;珠母;;;;;;;;;;;;x
PROV3185;Annatto;;;;;;;;;;;;x
PROV3186;Chamomile;;;;;;;;;;;;x
PROV3187;巴锡马佳瓦斯;;;;;;;;;;;;x
PROV3188;秋罗;;;;;;;;;;;;x
PROV3189;银禧城;;;;;;;;;;;;x
PROV3190;巴赞;;;;;;;;;;;;x
PROV3191;格兰 3;;;;;;;;;;;;x
PROV3192;帕加沃克;;;;;;;;;;;;x
PROV3193;Purslane;;;;;;;;;;;;x
PROV3194;赭石;;;;;;;;;;;;x
PROV3195;South Kirin Sea;;;;;;;;;;;;x
PROV3196;土德布科罗;;;;;;;;;;;;x
PROV3197;Grand Macintosh River;;;;;;;;;;;;x
PROV3198;Severence Shoals;;;;;;;;;;;;x
PROV3199;槿郡;;;;;;;;;;;;x
PROV3200;South Mizor;;;;;;;;;;;;x
PROV3201;格兰 4;;;;;;;;;;;;x
PROV3202;Lake Pagawok 2;;;;;;;;;;;;x
PROV3203;North Mizor;;;;;;;;;;;;x
PROV3204;可萨尔;;;;;;;;;;;;x
PROV3205;Chrysoprase;;;;;;;;;;;;x
PROV3206;Sumatrot 2;;;;;;;;;;;;x
PROV3207;Sumatrot 3;;;;;;;;;;;;x
PROV3208;白茸;;;;;;;;;;;;x
PROV3209;Primrose;;;;;;;;;;;;x
PROV3210;Sumatrot 4;;;;;;;;;;;;x
PROV3211;Boiling River 2;;;;;;;;;;;;x
PROV3212;玄岩;;;;;;;;;;;;x
PROV3213;茉莉城;;;;;;;;;;;;x
PROV3214;Incense Bay 20;;;;;;;;;;;;x
PROV3215;玉桂;;;;;;;;;;;;x
PROV3216;Yangua 14;;;;;;;;;;;;x
PROV3217;South Kirin Sea 1;;;;;;;;;;;;x
PROV3218;Auburn Pass;;;;;;;;;;;;x
PROV3219;钴兰;;;;;;;;;;;;x
PROV3220;Folino 2;;;;;;;;;;;;x
PROV3221;Basswood;;;;;;;;;;;;x
PROV3222;煽烁;;;;;;;;;;;;x
PROV3223;Sunrise Reef 1;;;;;;;;;;;;x
PROV3224;Sunrise Reef 2;;;;;;;;;;;;x
PROV3225;Sunrise Reef;;;;;;;;;;;;x
PROV3226;Southeastern Kirin Sea;;;;;;;;;;;;x
PROV3227;Moonica River;;;;;;;;;;;;x
PROV3228;Folino 3;;;;;;;;;;;;x
PROV3229;Auburn Pass 1;;;;;;;;;;;;x
PROV3230;Southeastern Kirin Sea 1;;;;;;;;;;;;x
PROV3231;Folino 4;;;;;;;;;;;;x
PROV3232;柯拉帕布隆;;;;;;;;;;;;x
PROV3233;普拉拉普 1;;;;;;;;;;;;x
PROV3234;普拉拉普 2;;;;;;;;;;;;x
PROV3235;普拉拉普 3;;;;;;;;;;;;x
PROV3236;Griffking River;;;;;;;;;;;;x
PROV3237;雷音寺;;;;;;;;;;;;x
PROV3238;Folino 5;;;;;;;;;;;;x
PROV3239;Folino;;;;;;;;;;;;x
PROV3240;Evi River;;;;;;;;;;;;x
PROV3241;Amar River 1;;;;;;;;;;;;x
PROV3242;卡特伦;;;;;;;;;;;;x
PROV3243;Ravensee;;;;;;;;;;;;x
