harmony_group;谐律主义政党;;;;;;;;;;;;x
communist_group;共产主义政党;;;;;;;;;;;;x
supremacist_group;霸权主义政党;;;;;;;;;;;;x
nonaligned_group;中立主义政党;;;;;;;;;;;;x
liberal;谐律民主主义;;;;;;;;;;;;x
socialist;民主社会主义;;;;;;;;;;;;x
communist;马科思主义;;;;;;;;;;;;x
fascist;法西斯主义;;;;;;;;;;;;x
conservative;保守主义;;;;;;;;;;;;x
reactionary;专制主义;;;;;;;;;;;;x
generic_conservative;保守党;;;;;;;;;;;;x
generic_reactionary;反动党;;;;;;;;;;;;x
generic_liberal;谐律民主党;;;;;;;;;;;;x
generic_socialist;民主社会主义党;;;;;;;;;;;;x
generic_communist;马科思主义党;;;;;;;;;;;;x
generic_fascist;霸权主义党;;;;;;;;;;;;x
generic_anarcho_liberal;无政府自由派;;;;;;;;;;;;x
