OLE;奥伦尼亚;;;;;;;;;;;;x
OLE_ADJ;奥伦尼亚;;;;;;;;;;;;x
EQS;小马利亚;;;;;;;;;;;;x
EQS_ADJ;小马利亚;;;;;;;;;;;;x
YAK;牦牦斯坦;;;;;;;;;;;;x
YAK_ADJ;牦牦斯坦;;;;;;;;;;;;x
BUF;野牛之地;;;;;;;;;;;;x
BUF_ADJ;野牛;;;;;;;;;;;;x
TRS;Trotsas;;;;;;;;;;;;x
TRS_ADJ;Trotsan;;;;;;;;;;;;x
PLB;极星尼亚;;;;;;;;;;;;x
PLB_ADJ;极星;;;;;;;;;;;;x
PNG;企鹅之地;;;;;;;;;;;;x
PNG_ADJ;企鹅;;;;;;;;;;;;x
GRF;新狮鹫尼亚;;;;;;;;;;;;x
GRF_ADJ;新狮鹫尼亚;;;;;;;;;;;;x
SEV;谢韦良纳;;;;;;;;;;;;x
SEV_ADJ;谢韦良纳;;;;;;;;;;;;x
EQC;新马尔兰;;;;;;;;;;;;x
EQC_ADJ;新马尔兰;;;;;;;;;;;;x
VES;Vesalipolis;;;;;;;;;;;;x
VES_ADJ;Vesalipolis;;;;;;;;;;;;x
VRA;Vraks;;;;;;;;;;;;x
VRA_ADJ;Vraksian;;;;;;;;;;;;x
DIT;Ditrysium;;;;;;;;;;;;x
DIT_ADJ;Ditrysium;;;;;;;;;;;;x
SOR;Soryth;;;;;;;;;;;;x
SOR_ADJ;Sorythian;;;;;;;;;;;;x
LYC;Lyctida;;;;;;;;;;;;x
LYC_ADJ;Lyctidan;;;;;;;;;;;;x
ANT;Antax;;;;;;;;;;;;x
ANT_ADJ;Antaxian;;;;;;;;;;;;x
ASS;亚提述;;;;;;;;;;;;x
ASS_ADJ;亚提述;;;;;;;;;;;;x
CRU;Crucis;;;;;;;;;;;;x
CRU_ADJ;Crucis;;;;;;;;;;;;x
VLI;Volistad;;;;;;;;;;;;x
VLI_ADJ;Volistad;;;;;;;;;;;;x
ROZ;Rozenkrantz;;;;;;;;;;;;x
ROZ_ADJ;Rozenkrantz;;;;;;;;;;;;x
SVA;Svartpels;;;;;;;;;;;;x
SVA_ADJ;Svartpel;;;;;;;;;;;;x
VLS;Volsungr;;;;;;;;;;;;x
VLS_ADJ;Volsungr;;;;;;;;;;;;x
WES;The Triple Alliance;;;;;;;;;;;;x
WES_ADJ;Wesslandic;;;;;;;;;;;;x
SCY;Scyfling;;;;;;;;;;;;x
SCY_ADJ;Scyfling;;;;;;;;;;;;x
WNG;翼巴第;;;;;;;;;;;;x
WNG_ADJ;翼巴第;;;;;;;;;;;;x
CLD;漫云;;;;;;;;;;;;x
CLD_ADJ;漫云;;;;;;;;;;;;x
FRN;弗朗齐斯特里亚;;;;;;;;;;;;x
FRN_ADJ;弗朗齐斯特里亚;;;;;;;;;;;;x
FAL;隼尔科;;;;;;;;;;;;x
FAL_ADJ;隼尔科;;;;;;;;;;;;x
GRI;狮鹫尼亚;;;;;;;;;;;;x
GRI_ADJ;狮鹫尼亚;;;;;;;;;;;;x
AQU;阿奎莱亚;;;;;;;;;;;;x
AQU_ADJ;阿奎莱亚;;;;;;;;;;;;x
TAL;塔卢兹;;;;;;;;;;;;x
TAL_ADJ;塔卢兹;;;;;;;;;;;;x
RMA;罗马坞;;;;;;;;;;;;x
RMA_ADJ;罗马坞;;;;;;;;;;;;x
FLO;佛罗韦纳;;;;;;;;;;;;x
FLO_ADJ;佛罗韦纳;;;;;;;;;;;;x
KLO;Kloberg;;;;;;;;;;;;x
KLO_ADJ;Kloberger;;;;;;;;;;;;x
ARN;阿兰提戈;;;;;;;;;;;;x
ARN_ADJ;阿兰提戈;;;;;;;;;;;;x
ARC;阿克图里亚;;;;;;;;;;;;x
ARC_ADJ;阿克图里亚;;;;;;;;;;;;x
LAK;卢梅尔;;;;;;;;;;;;x
LAK_ADJ;卢梅尔;;;;;;;;;;;;x
VED;韦迪纳;;;;;;;;;;;;x
VED_ADJ;韦迪纳;;;;;;;;;;;;x
VER;Verenia;;;;;;;;;;;;x
VER_ADJ;Verenian;;;;;;;;;;;;x
FEA;弗羽西亚;;;;;;;;;;;;x
FEA_ADJ;弗羽西亚;;;;;;;;;;;;x
BOI;狮鹫岩;;;;;;;;;;;;x
BOI_ADJ;狮鹫岩;;;;;;;;;;;;x
SKY;天落城;;;;;;;;;;;;x
SKY_ADJ;天落;;;;;;;;;;;;x
GTO;Griffton;;;;;;;;;;;;x
GTO_ADJ;Griffton;;;;;;;;;;;;x
VLE;Vleugeland;;;;;;;;;;;;x
VLE_ADJ;Vleugelander;;;;;;;;;;;;x
PYT;格赖芬马尔申;;;;;;;;;;;;x
PYT_ADJ;格赖芬马尔申;;;;;;;;;;;;x
TAR;塔林;;;;;;;;;;;;x
TAR_ADJ;塔林;;;;;;;;;;;;x
POM;波莫瓦拉;;;;;;;;;;;;x
POM_ADJ;波莫瓦拉;;;;;;;;;;;;x
GRW;普里文;;;;;;;;;;;;x
GRW_ADJ;普里文;;;;;;;;;;;;x
FEZ;菲兹拉;;;;;;;;;;;;x
FEZ_ADJ;菲兹拉;;;;;;;;;;;;x
DED;恐惧半岛;;;;;;;;;;;;x
DED_ADJ;恐惧半岛;;;;;;;;;;;;x
NTR;永冬国;;;;;;;;;;;;x
NTR_ADJ;永冬国;;;;;;;;;;;;x
SCE;西卡梅翁;;;;;;;;;;;;x
SCE_ADJ;西卡梅翁;;;;;;;;;;;;x
BLH;黑空;;;;;;;;;;;;x
BLH_ADJ;黑空;;;;;;;;;;;;x
CYA;蓝百合;;;;;;;;;;;;x
CYA_ADJ;蓝百合;;;;;;;;;;;;x
BRO;布罗德费尔德;;;;;;;;;;;;x
BRO_ADJ;布罗德费尔德;;;;;;;;;;;;x
MIT;星空;;;;;;;;;;;;x
MIT_ADJ;星空;;;;;;;;;;;;x
LUS;卢什;;;;;;;;;;;;x
LUS_ADJ;卢什;;;;;;;;;;;;x
GRY;格里菲亚;;;;;;;;;;;;x
GRY_ADJ;格里菲亚;;;;;;;;;;;;x
GRU;格里富斯;;;;;;;;;;;;x
GRU_ADJ;格里富斯;;;;;;;;;;;;x
ZES;卡萨;;;;;;;;;;;;x
ZES_ADJ;卡萨;;;;;;;;;;;;x
WIT;威腾兰;;;;;;;;;;;;x
WIT_ADJ;威腾兰;;;;;;;;;;;;x
NIM;宁部西亚;;;;;;;;;;;;x
NIM_ADJ;宁部西亚;;;;;;;;;;;;x
OLV;东鹿地;;;;;;;;;;;;x
OLV_ADJ;东鹿地;;;;;;;;;;;;x
FRE;驹纳延;;;;;;;;;;;;x
FRE_ADJ;驹纳延;;;;;;;;;;;;x
RCT;大江 ;;;;;;;;;;;;x
RCT_ADJ;大江;;;;;;;;;;;;x
LCT;湖城;;;;;;;;;;;;x
LCT_ADJ;湖城;;;;;;;;;;;;x
DEP;德马尼亚;;;;;;;;;;;;x
DEP_ADJ;德马尼亚;;;;;;;;;;;;x
LNS;长剑;;;;;;;;;;;;x
LNS_ADJ;长剑;;;;;;;;;;;;x
HLQ;冥翎;;;;;;;;;;;;x
HLQ_ADJ;冥翎;;;;;;;;;;;;x
DMT;Diamond Mountain;;;;;;;;;;;;x
DMT_ADJ;Diamond Mountain;;;;;;;;;;;;x
BAK;巴卡拉;;;;;;;;;;;;x
BAK_ADJ;巴卡拉;;;;;;;;;;;;x
FIR;冷杉;;;;;;;;;;;;x
FIR_ADJ;冷杉;;;;;;;;;;;;x
FBK;远溪;;;;;;;;;;;;x
FBK_ADJ;远溪;;;;;;;;;;;;x
WAT;水乡;;;;;;;;;;;;x
WAT_ADJ;水乡;;;;;;;;;;;;x
NCH;绿崖;;;;;;;;;;;;x
NCH_ADJ;绿崖;;;;;;;;;;;;x
KIV;Kivessin;;;;;;;;;;;;x
KIV_ADJ;Kivessinian;;;;;;;;;;;;x
SYD;Sydia;;;;;;;;;;;;x
SYD_ADJ;Sydian;;;;;;;;;;;;x
DRG;龙之地;;;;;;;;;;;;x
DRG_ADJ;龙之地;;;;;;;;;;;;x
OPN;Order of Opinicus;;;;;;;;;;;;x
OPN_ADJ;Opinicus;;;;;;;;;;;;x
GSG;Southern Continent Company;;;;;;;;;;;;x
GSG_ADJ;Southern Continent;;;;;;;;;;;;x
GR1;Viartorre;;;;;;;;;;;;x
GR1_ADJ;Viartorrean;;;;;;;;;;;;x
GR2;Pythagorea;;;;;;;;;;;;x
GR2_ADJ;Pythagorean;;;;;;;;;;;;x
GR3;Colegio;;;;;;;;;;;;x
GR3_ADJ;Colegio;;;;;;;;;;;;x
ROS;Rosensverd;;;;;;;;;;;;x
ROS_ADJ;Rosensverd;;;;;;;;;;;;x
HAY;海泽布兰;;;;;;;;;;;;x
HAY_ADJ;海泽布;;;;;;;;;;;;x
SLL;Trotgaron;;;;;;;;;;;;x
SLL_ADJ;Trotgarian;;;;;;;;;;;;x
CST;Canterstin;;;;;;;;;;;;x
CST_ADJ;Canterstinian;;;;;;;;;;;;x
MCW;鹦鹉维亚;;;;;;;;;;;;x
MCW_ADJ;鹦鹉维亚;;;;;;;;;;;;x
SDL;鞍拉伯;;;;;;;;;;;;x
SDL_ADJ;鞍拉伯;;;;;;;;;;;;x
MAZ;马兹维;;;;;;;;;;;;x
MAZ_ADJ;马兹维;;;;;;;;;;;;x
ASY;亚提述;;;;;;;;;;;;x
ASY_ADJ;亚提述;;;;;;;;;;;;x
SUM;安塞鲁克;;;;;;;;;;;;x
SUM_ADJ;安塞鲁克;;;;;;;;;;;;x
ABY;阿比西尼亚;;;;;;;;;;;;x
ABY_ADJ;阿比西尼亚;;;;;;;;;;;;x
MAG;埃驹;;;;;;;;;;;;x
MAG_ADJ;埃驹;;;;;;;;;;;;x
CHI;翼蝠地;;;;;;;;;;;;x
CHI_ADJ;翼蝠地;;;;;;;;;;;;x
MTO;马雷托尼亚;;;;;;;;;;;;x
MTO_ADJ;马雷托尼亚;;;;;;;;;;;;x
AES;爱沙洛尼亚;;;;;;;;;;;;x
AES_ADJ;爱沙洛尼亚;;;;;;;;;;;;x
OSQ;乌斯加特;;;;;;;;;;;;x
OSQ_ADJ;乌斯加特;;;;;;;;;;;;x
HMR;黑米尔;;;;;;;;;;;;x
HMR_ADJ;黑米尔;;;;;;;;;;;;x
MAR;马尔塔尼亚;;;;;;;;;;;;x
MAR_ADJ;马尔塔尼亚;;;;;;;;;;;;x
WRZ;瓦尔宰纳;;;;;;;;;;;;x
WRZ_ADJ;瓦尔宰纳;;;;;;;;;;;;x
ZUM;驽米底亚;;;;;;;;;;;;x
ZUM_ADJ;驽米底亚;;;;;;;;;;;;x
YMN;也马;;;;;;;;;;;;x
YMN_ADJ;也马;;;;;;;;;;;;x
ZEL;盖隆-佐尔努;;;;;;;;;;;;x
ZEL_ADJ;盖隆-佐尔努;;;;;;;;;;;;x
HYE;鬣狗尼亚;;;;;;;;;;;;x
HYE_ADJ;鬣狗;;;;;;;;;;;;x
CEN;森图尔亚;;;;;;;;;;;;x
CEN_ADJ;半人马;;;;;;;;;;;;x
GAR;石像鬼洛亚;;;;;;;;;;;;x
GAR_ADJ;石像鬼;;;;;;;;;;;;x
TWI;特维赞伊卡;;;;;;;;;;;;x
TWI_ADJ;特维赞伊卡;;;;;;;;;;;;x
CAM;查梅骆坎德;;;;;;;;;;;;x
CAM_ADJ;骆驼;;;;;;;;;;;;x
ROA;罗阿谟;;;;;;;;;;;;x
ROA_ADJ;罗阿谟;;;;;;;;;;;;x
TSV;茨希马尼;;;;;;;;;;;;x
TSV_ADJ;茨希马尼;;;;;;;;;;;;x
GFS;伊姆巴-扎鲁;;;;;;;;;;;;x
GFS_ADJ;伊姆巴-扎鲁;;;;;;;;;;;;x
ZBL;泽布鲁;;;;;;;;;;;;x
ZBL_ADJ;泽布鲁;;;;;;;;;;;;x
ZOO;宗果;;;;;;;;;;;;x
ZOO_ADJ;宗果;;;;;;;;;;;;x
TAI;坦阿伊格哈;;;;;;;;;;;;x
TAI_ADJ;坦阿伊格哈;;;;;;;;;;;;x
MEL;梅拉哈卡;;;;;;;;;;;;x
MEL_ADJ;梅拉哈卡;;;;;;;;;;;;x
MQA;萨姆布瓦图;;;;;;;;;;;;x
MQA_ADJ;萨姆布瓦图;;;;;;;;;;;;x
IST;马格里卟;;;;;;;;;;;;x
IST_ADJ;马格里卟;;;;;;;;;;;;x
DEL;塔拉依;;;;;;;;;;;;x
DEL_ADJ;塔拉依;;;;;;;;;;;;x
LOT;Lotus Kingdom;;;;;;;;;;;;x
LOT_ADJ;莲京;;;;;;;;;;;;x
HIP;骏鹰菲亚;;;;;;;;;;;;x
HIP_ADJ;骏鹰;;;;;;;;;;;;x
CLT;迦骀基;;;;;;;;;;;;x
CLT_ADJ;迦骀基;;;;;;;;;;;;x
QUA;斑驴台;;;;;;;;;;;;x
QUA_ADJ;斑驴台;;;;;;;;;;;;x
BKH;布克哈拉;;;;;;;;;;;;x
BKH_ADJ;布克哈拉;;;;;;;;;;;;x
MAE;鞍达卢西亚;;;;;;;;;;;;x
MAE_ADJ;鞍达卢西亚;;;;;;;;;;;;x
HRV;新麋鹿岛;;;;;;;;;;;;x
HRV_ADJ;麋鹿岛;;;;;;;;;;;;x
CTL;坻花;;;;;;;;;;;;x
CTL_ADJ;坻花;;;;;;;;;;;;x
SAM;水钵;;;;;;;;;;;;x
SAM_ADJ;水钵;;;;;;;;;;;;x
KIR;麒里亚;;;;;;;;;;;;x
KIR_ADJ;麒里亚;;;;;;;;;;;;x
GAZ;东保;;;;;;;;;;;;x
GAZ_ADJ;东保;;;;;;;;;;;;x
LMB;驼博;;;;;;;;;;;;x
LMB_ADJ;驼博;;;;;;;;;;;;x
KLG;九流镇;;;;;;;;;;;;x
KLG_ADJ;九流镇;;;;;;;;;;;;x
MOZ;莫齐;;;;;;;;;;;;x
MOZ_ADJ;莫齐;;;;;;;;;;;;x
REE;拉艾姆;;;;;;;;;;;;x
REE_ADJ;拉艾姆;;;;;;;;;;;;x
IDO;伊多武;;;;;;;;;;;;x
IDO_ADJ;伊多武;;;;;;;;;;;;x
KXN;澜麒;;;;;;;;;;;;x
KXN_ADJ;澜麒;;;;;;;;;;;;x
KHM;高麟;;;;;;;;;;;;x
KHM_ADJ;高麟;;;;;;;;;;;;x
BLO;Blossom;;;;;;;;;;;;x
BLO_ADJ;Blossom;;;;;;;;;;;;x
COG;Cogon;;;;;;;;;;;;x
COG_ADJ;Cogonese;;;;;;;;;;;;x
TAN;Tannin;;;;;;;;;;;;x
TAN_ADJ;Tannin;;;;;;;;;;;;x
TCC;Tacca;;;;;;;;;;;;x
TCC_ADJ;Taccan;;;;;;;;;;;;x
HAF;Hai Font;;;;;;;;;;;;x
HAF_ADJ;Hai Font;;;;;;;;;;;;x
FUR;Fureshapur;;;;;;;;;;;;x
FUR_ADJ;Fureshapurian;;;;;;;;;;;;x
DLH;陀利;;;;;;;;;;;;x
DLH_ADJ;陀利;;;;;;;;;;;;x
DER;Deerwar;;;;;;;;;;;;x
DER_ADJ;Deerwari;;;;;;;;;;;;x
HAR;Hart;;;;;;;;;;;;x
HAR_ADJ;Harti;;;;;;;;;;;;x
ALH;Antlahore;;;;;;;;;;;;x
ALH_ADJ;Antlahori;;;;;;;;;;;;x
STK;Stagataka;;;;;;;;;;;;x
STK_ADJ;Stagatakan;;;;;;;;;;;;x
KA1;Jamirids;;;;;;;;;;;;x
KA1_ADJ;Jamirid;;;;;;;;;;;;x
KA2;Sayyarids;;;;;;;;;;;;x
KA2_ADJ;Sayyarid;;;;;;;;;;;;x
KA3;Qazmani;;;;;;;;;;;;x
KA3_ADJ;Qazmani;;;;;;;;;;;;x
KA4;Karkhaemenids;;;;;;;;;;;;x
KA4_ADJ;Karkhaemenid;;;;;;;;;;;;x
KA5;Jogatarri;;;;;;;;;;;;x
KA5_ADJ;Jogatarri;;;;;;;;;;;;x
KA6;Buckluchi;;;;;;;;;;;;x
KA6_ADJ;Buckluchi;;;;;;;;;;;;x
MZM;Mzizima;;;;;;;;;;;;x
MZM_ADJ;Mziziman;;;;;;;;;;;;x
MUN;Munmane;;;;;;;;;;;;x
MUN_ADJ;Munmaneigh;;;;;;;;;;;;x
NYA;Nyambori;;;;;;;;;;;;x
NYA_ADJ;Nyambori;;;;;;;;;;;;x
ZUN;Zund;;;;;;;;;;;;x
ZUN_ADJ;Zundi;;;;;;;;;;;;x
UMB;Umbasi;;;;;;;;;;;;x
UMB_ADJ;Umbasi;;;;;;;;;;;;x
GOR;Gorak;;;;;;;;;;;;x
GOR_ADJ;Gorakian;;;;;;;;;;;;x
IDT;冰龙部落;;;;;;;;;;;;x
IDT_ADJ;冰龙;;;;;;;;;;;;x
THU;雷霆里亚;;;;;;;;;;;;x
THU_ADJ;雷霆里亚;;;;;;;;;;;;x
WDB;Windborn;;;;;;;;;;;;x
WDB_ADJ;Windborn;;;;;;;;;;;;x
KRE;卡伦;;;;;;;;;;;;x
KRE_ADJ;卡伦;;;;;;;;;;;;x
RGD;Rainguard;;;;;;;;;;;;x
RGD_ADJ;Rainguard;;;;;;;;;;;;x
HGS;Highstorm;;;;;;;;;;;;x
HGS_ADJ;Highstormer;;;;;;;;;;;;x
MLS;Maelstrom Coast;;;;;;;;;;;;x
MLS_ADJ;Maelstrom;;;;;;;;;;;;x
TMS;Tempest Shore;;;;;;;;;;;;x
TMS_ADJ;Tempest;;;;;;;;;;;;x
EYE;Eye of the Storm;;;;;;;;;;;;x
EYE_ADJ;Eye of the Storm;;;;;;;;;;;;x
BRS;婆罗僧诃;;;;;;;;;;;;x
BRS_ADJ;婆罗僧诃;;;;;;;;;;;;x
ARK;Arksturi;;;;;;;;;;;;x
ARK_ADJ;Arksturi;;;;;;;;;;;;x
NIS;Nissali;;;;;;;;;;;;x
NIS_ADJ;Nissali;;;;;;;;;;;;x
MRX;Marixbur;;;;;;;;;;;;x
MRX_ADJ;Marixbur;;;;;;;;;;;;x
GHO;Ghost Country;;;;;;;;;;;;x
GHO_ADJ;Ghost;;;;;;;;;;;;x
REB;Rebels;;;;;;;;;;;;x
REB_ADJ;Rebel;;;;;;;;;;;;x
JAN;Jan Mayen;;;;;;;;;;;;x
JAN_ADJ;Jan Mayen;;;;;;;;;;;;x
CHN;幻形灵吉亚;;;;;;;;;;;;x
CHN_ADJ;幻形灵;;;;;;;;;;;;x
CHI_absolute_monarchy;翼蝠地;;;;;;;;;;;;x
CHI_absolute_monarchy_ADJ;翼蝠地;;;;;;;;;;;;x
CHI_prussian_constitutionalism;翼蝠地;;;;;;;;;;;;x
