state_0;无尽之森;;;;;;;;;;;;x
state_1;坎特洛特;;;;;;;;;;;;x
state_2;小马镇;;;;;;;;;;;;x
state_3;Coltfoalnia;;;;;;;;;;;;x
state_4;托特尔;;;;;;;;;;;;x
state_5;温蹄华;;;;;;;;;;;;x
state_6;獐鹿平原;;;;;;;;;;;;x
state_7;蜜酒湖;;;;;;;;;;;;x
state_8;高木林;;;;;;;;;;;;x
state_9;卷尾山谷;;;;;;;;;;;;x
state_10;白尾树林;;;;;;;;;;;;x
state_11;橡克雷奇;;;;;;;;;;;;x
state_12;钻石大地;;;;;;;;;;;;x
state_13;Fairflanks-Whitebell;;;;;;;;;;;;x
state_14;West Yeahcon;;;;;;;;;;;;x
state_15;云中城;;;;;;;;;;;;x
state_16;勿忘我草地;;;;;;;;;;;;x
state_17;桃林;;;;;;;;;;;;x
state_18;夹竹桃山谷;;;;;;;;;;;;x
state_19;蜂蜜森林;;;;;;;;;;;;x
state_20;East Yeahcon;;;;;;;;;;;;x
state_21;临日平原;;;;;;;;;;;;x
state_22;Neighkotas;;;;;;;;;;;;x
state_23;温尼苏达;;;;;;;;;;;;x
state_24;天马维加斯;;;;;;;;;;;;x
state_25;伊泽兰;;;;;;;;;;;;x
state_26;North Trotsas;;;;;;;;;;;;x
state_27;Central Trotsas;;;;;;;;;;;;x
state_28;奔马溪;;;;;;;;;;;;x
state_29;South Trotsas;;;;;;;;;;;;x
state_30;Doo Nidhaltinghoo;;;;;;;;;;;;x
state_31;独眼巨怪领地;;;;;;;;;;;;x
state_32;特奥-哈拉盖;;;;;;;;;;;;x
state_33;苹果鲁萨;;;;;;;;;;;;x
state_34;马哈顿;;;;;;;;;;;;x
state_35;小马半岛;;;;;;;;;;;;x
state_36;晴朗天空;;;;;;;;;;;;x
state_37;吠城;;;;;;;;;;;;x
state_38;Welcoming Fields;;;;;;;;;;;;x
state_39;木梅林田野;;;;;;;;;;;;x
state_40;Neighagra-Trotterfield;;;;;;;;;;;;x
state_41;Alicorn Sister;;;;;;;;;;;;x
state_42;岩镇;;;;;;;;;;;;x
state_43;呐华达;;;;;;;;;;;;x
state_44;寂静沙丘;;;;;;;;;;;;x
state_45;埃文平原;;;;;;;;;;;;x
state_46;牧场;;;;;;;;;;;;x
state_47;无聊田野;;;;;;;;;;;;x
state_48;蹄特兰;;;;;;;;;;;;x
state_49;蹄灵顿;;;;;;;;;;;;x
state_50;彗星省;;;;;;;;;;;;x
state_51;天狼星;;;;;;;;;;;;x
state_52;麦金塔山丘;;;;;;;;;;;;x
state_53;相拥丘陵;;;;;;;;;;;;x
state_54;苦梅田野;;;;;;;;;;;;x
state_55;林荫镇;;;;;;;;;;;;x
state_56;马尔兰;;;;;;;;;;;;x
state_57;东弗里斯兰;;;;;;;;;;;;x
state_58;稚马山脉;;;;;;;;;;;;x
state_59;草甸地;;;;;;;;;;;;x
state_60;野马平原;;;;;;;;;;;;x
state_61;紫晶盆地;;;;;;;;;;;;x
state_62;巴尔的马;;;;;;;;;;;;x
state_63;月光海岸;;;;;;;;;;;;x
state_64;薄暮小径;;;;;;;;;;;;x
state_65;芒果省;;;;;;;;;;;;x
state_66;特诺奇提特兰;;;;;;;;;;;;x
state_67;伊佐米特海岸;;;;;;;;;;;;x
state_68;扎奎雅惠塔;;;;;;;;;;;;x
state_69;Teopixqui;;;;;;;;;;;;x
state_70;Yucoltan;;;;;;;;;;;;x
state_71;飞蚊森林;;;;;;;;;;;;x
state_72;奇那米塔;;;;;;;;;;;;x
state_73;库茨帕利兹利;;;;;;;;;;;;x
state_74;云朵山丘;;;;;;;;;;;;x
state_75;三角地;;;;;;;;;;;;x
state_76;腾兰西;;;;;;;;;;;;x
state_77;魔法高原;;;;;;;;;;;;x
state_78;阿尔比昂;;;;;;;;;;;;x
state_79;鹫边群岛;;;;;;;;;;;;x
state_80;波多卡贝骆;;;;;;;;;;;;x
state_81;Spa and Summer Islands;;;;;;;;;;;;x
state_82;Dragon Isles;;;;;;;;;;;;x
state_83;克鲁普基诺;;;;;;;;;;;;x
state_84;西羔加索;;;;;;;;;;;;x
state_85;日落之土;;;;;;;;;;;;x
state_86;蔓越莓沼泽;;;;;;;;;;;;x
state_87;寒翼;;;;;;;;;;;;x
state_88;彼得蹄;;;;;;;;;;;;x
state_89;飞鸟之地;;;;;;;;;;;;x
state_90;Princessyn;;;;;;;;;;;;x
state_91;薄雾山丘;;;;;;;;;;;;x
state_92;蹄踏边疆区;;;;;;;;;;;;x
state_93;棉花塘;;;;;;;;;;;;x
state_94;宏伟花园;;;;;;;;;;;;x
state_95;Ravenskoye;;;;;;;;;;;;x
state_96;Zayatsk-Sovyenok;;;;;;;;;;;;x
state_97;光路农场;;;;;;;;;;;;x
state_98;扎德帕多沃;;;;;;;;;;;;x
state_99;拉米亚;;;;;;;;;;;;x
state_100;Town With No Name;;;;;;;;;;;;x
state_101;Mysterious Ice;;;;;;;;;;;;x
state_102;Ice Fields;;;;;;;;;;;;x
state_103;水晶山脉;;;;;;;;;;;;x
state_104;Incomprehensibly Vast Ice;;;;;;;;;;;;x
state_105;Endless Ice;;;;;;;;;;;;x
state_106;牦牛山脊;;;;;;;;;;;;x
state_107;Yet More Ice;;;;;;;;;;;;x
state_108;Even More Ice;;;;;;;;;;;;x
state_109;Somehow Even More Ice;;;;;;;;;;;;x
state_110;Ice;;;;;;;;;;;;x
state_111;More Ice;;;;;;;;;;;;x
state_112;维特;;;;;;;;;;;;x
state_113;冰封北地;;;;;;;;;;;;x
state_114;碎骨地;;;;;;;;;;;;x
state_115;鸟喙地区;;;;;;;;;;;;x
state_116;比约恩霍尔姆;;;;;;;;;;;;x
state_117;乌林格里芬;;;;;;;;;;;;x
state_118;阿姆德拉尔·努尔;;;;;;;;;;;;x
state_119;食鹫者山脉;;;;;;;;;;;;x
state_120;Rose Forest;;;;;;;;;;;;x
state_121;湖畔谷;;;;;;;;;;;;x
state_122;Western Kingsmere;;;;;;;;;;;;x
state_123;Rudeigin A Tha Sin;;;;;;;;;;;;x
state_124;克勒河谷;;;;;;;;;;;;x
state_125;赛罕托加;;;;;;;;;;;;x
state_126;牦牦斯坦山谷;;;;;;;;;;;;x
state_127;北牦牛山脊;;;;;;;;;;;;x
state_128;巴拉多;;;;;;;;;;;;x
state_129;努穆尔;;;;;;;;;;;;x
state_130;施德加萨;;;;;;;;;;;;x
state_131;乌兰巴奎;;;;;;;;;;;;x
state_132;企鹅之地;;;;;;;;;;;;x
state_133;鹅乡;;;;;;;;;;;;x
state_134;母亲地;;;;;;;;;;;;x
state_135;翁拉特;;;;;;;;;;;;x
state_136;大海雀高原;;;;;;;;;;;;x
state_137;威塞兰蒂亚;;;;;;;;;;;;x
state_138;东钥湖;;;;;;;;;;;;x
state_139;索利斯;;;;;;;;;;;;x
state_140;哀恸海岸;;;;;;;;;;;;x
state_141;戈拉克;;;;;;;;;;;;x
state_142;坟场;;;;;;;;;;;;x
state_143;幻形灵峡湾;;;;;;;;;;;;x
state_144;孔翅城;;;;;;;;;;;;x
state_145;失魂山脉;;;;;;;;;;;;x
state_146;粉蠹城;;;;;;;;;;;;x
state_147;韦萨利波利斯;;;;;;;;;;;;x
state_148;神秘丘;;;;;;;;;;;;x
state_149;黑林;;;;;;;;;;;;x
state_150;亡命沼泽;;;;;;;;;;;;x
state_151;瓦克斯;;;;;;;;;;;;x
state_152;虫穴;;;;;;;;;;;;x
state_153;大森林;;;;;;;;;;;;x
state_154;凯特沼泽;;;;;;;;;;;;x
state_155;斯瓦穆;;;;;;;;;;;;x
state_156;大沼泽;;;;;;;;;;;;x
state_157;野地;;;;;;;;;;;;x
state_158;旁听;;;;;;;;;;;;x
state_159;东之森;;;;;;;;;;;;x
state_160;御浪堡;;;;;;;;;;;;x
state_161;角森;;;;;;;;;;;;x
state_162;门蒂溪;;;;;;;;;;;;x
state_163;麋鹿海岸;;;;;;;;;;;;x
state_164;大半岛;;;;;;;;;;;;x
state_165;太阳神山脉;;;;;;;;;;;;x
state_166;鹿城;;;;;;;;;;;;x
state_167;鹿土;;;;;;;;;;;;x
state_168;沃诺拉;;;;;;;;;;;;x
state_169;树墙;;;;;;;;;;;;x
state_170;毛棒半岛;;;;;;;;;;;;x
state_171;博拜廷高地;;;;;;;;;;;;x
state_172;Les Meridiennes;;;;;;;;;;;;x
state_173;豪克兰;;;;;;;;;;;;x
state_174;Sydvastland-Soderbotten;;;;;;;;;;;;x
state_175;天际;;;;;;;;;;;;x
state_176;Snalland-Kullbotten;;;;;;;;;;;;x
state_177;东韦迪纳;;;;;;;;;;;;x
state_178;博腾河;;;;;;;;;;;;x
state_179;天际纳维亚;;;;;;;;;;;;x
state_180;里福特奥夫;;;;;;;;;;;;x
state_181;广阔泥沼;;;;;;;;;;;;x
state_182;北喙;;;;;;;;;;;;x
state_183;失落堡垒;;;;;;;;;;;;x
state_184;Tarpian Rock;;;;;;;;;;;;x
state_185;No Going Back;;;;;;;;;;;;x
state_186;Dread Peninsula;;;;;;;;;;;;x
state_187;忧伤之地;;;;;;;;;;;;x
state_188;漫云城;;;;;;;;;;;;x
state_189;翼哈根;;;;;;;;;;;;x
state_190;荒芜之峰;;;;;;;;;;;;x
state_191;失落之门;;;;;;;;;;;;x
state_192;Whitetail Mountains;;;;;;;;;;;;x
state_193;雁之喙;;;;;;;;;;;;x
state_194;Old Rottendedam;;;;;;;;;;;;x
state_195;鹿特德丹州;;;;;;;;;;;;x
state_196;艾维尔;;;;;;;;;;;;x
state_197;Skyfall Harbor;;;;;;;;;;;;x
state_198;Oldebeaken;;;;;;;;;;;;x
state_199;米拉贝尔;;;;;;;;;;;;x
state_200;振翼城;;;;;;;;;;;;x
state_201;翼森堡;;;;;;;;;;;;x
state_202;Central Feathisia;;;;;;;;;;;;x
state_203;中部平原;;;;;;;;;;;;x
state_204;罗马坞;;;;;;;;;;;;x
state_205;鹫弗顿;;;;;;;;;;;;x
state_206;羽翼兰;;;;;;;;;;;;x
state_207;最终希望;;;;;;;;;;;;x
state_208;远溪城;;;;;;;;;;;;x
state_209;菲兹拉;;;;;;;;;;;;x
state_210;Greifenmarschen;;;;;;;;;;;;x
state_211;老鹰屯;;;;;;;;;;;;x
state_212;猎鹰镇;;;;;;;;;;;;x
state_213;云卫;;;;;;;;;;;;x
state_214;波莫瓦拉;;;;;;;;;;;;x
state_215;佛罗韦纳;;;;;;;;;;;;x
state_216;矮尾;;;;;;;;;;;;x
state_217;瑞德威特;;;;;;;;;;;;x
state_218;奥斯纳喙克;;;;;;;;;;;;x
state_219;间河;;;;;;;;;;;;x
state_220;狮鹫海姆;;;;;;;;;;;;x
state_221;乌鸦湖;;;;;;;;;;;;x
state_222;王领;;;;;;;;;;;;x
state_223;王冠尖峰;;;;;;;;;;;;x
state_224;铜十字城;;;;;;;;;;;;x
state_225;光之溪;;;;;;;;;;;;x
state_226;冥翎;;;;;;;;;;;;x
state_227;孤寂领地;;;;;;;;;;;;x
state_228;Longsword;;;;;;;;;;;;x
state_229;赫尔海姆;;;;;;;;;;;;x
state_230;始源地;;;;;;;;;;;;x
state_231;绿钞;;;;;;;;;;;;x
state_232;卡特琳;;;;;;;;;;;;x
state_233;安江;;;;;;;;;;;;x
state_234;仙爪;;;;;;;;;;;;x
state_235;鹰巢;;;;;;;;;;;;x
state_236;飞鹰;;;;;;;;;;;;x
state_237;雁巢;;;;;;;;;;;;x
state_238;斯帕雷托;;;;;;;;;;;;x
state_239;Stone Highlands;;;;;;;;;;;;x
state_240;狮鹫岩;;;;;;;;;;;;x
state_241;煤落地;;;;;;;;;;;;x
state_242;Watertowns;;;;;;;;;;;;x
state_243;草径;;;;;;;;;;;;x
state_244;萨尔玛克;;;;;;;;;;;;x
state_245;游骨;;;;;;;;;;;;x
state_246;茶树;;;;;;;;;;;;x
state_247;寒口;;;;;;;;;;;;x
state_248;Dimondia;;;;;;;;;;;;x
state_249;迪特-卡扎尔;;;;;;;;;;;;x
state_250;维塔里耶;;;;;;;;;;;;x
state_251;马里博尔;;;;;;;;;;;;x
state_252;巴卡拉;;;;;;;;;;;;x
state_253;狼歇处;;;;;;;;;;;;x
state_254;Egysic Forest;;;;;;;;;;;;x
state_255;帕利戈波利斯;;;;;;;;;;;;x
state_256;马瓦克;;;;;;;;;;;;x
state_257;嘶雷特瓦;;;;;;;;;;;;x
state_258;江源城;;;;;;;;;;;;x
state_259;威德伏丁那;;;;;;;;;;;;x
state_260;宁部西亚;;;;;;;;;;;;x
state_261;卡吉达;;;;;;;;;;;;x
state_262;崖路;;;;;;;;;;;;x
state_263;湖海城;;;;;;;;;;;;x
state_264;Marebia;;;;;;;;;;;;x
state_265;Svetazmlja;;;;;;;;;;;;x
state_266;塔尔沃纳;;;;;;;;;;;;x
state_267;卢什地方;;;;;;;;;;;;x
state_268;雀城;;;;;;;;;;;;x
state_269;虫木之森;;;;;;;;;;;;x
state_270;凯辅;;;;;;;;;;;;x
state_271;Chykchyryn-Pohryfynnja;;;;;;;;;;;;x
state_272;西迪亚;;;;;;;;;;;;x
state_273;格里芬维尔;;;;;;;;;;;;x
state_274;布罗德费尔德;;;;;;;;;;;;x
state_275;强盗之地;;;;;;;;;;;;x
state_276;暗喙城;;;;;;;;;;;;x
state_277;爬行者山脉;;;;;;;;;;;;x
state_278;达尼斯高地;;;;;;;;;;;;x
state_279;威腾堡;;;;;;;;;;;;x
state_280;帕帕吉拉;;;;;;;;;;;;x
state_281;驹马域;;;;;;;;;;;;x
state_282;公平边区;;;;;;;;;;;;x
state_283;心之丘;;;;;;;;;;;;x
state_284;安之地;;;;;;;;;;;;x
state_285;烈火海岸;;;;;;;;;;;;x
state_286;落叶松谷;;;;;;;;;;;;x
state_287;Night Forest;;;;;;;;;;;;x
state_288;学院;;;;;;;;;;;;x
state_289;Balisement;;;;;;;;;;;;x
state_290;毕达哥拉斯;;;;;;;;;;;;x
state_291;守卫者之野;;;;;;;;;;;;x
state_292;坎纳比亚;;;;;;;;;;;;x
state_293;百里香埠;;;;;;;;;;;;x
state_294;Aster's Bay;;;;;;;;;;;;x
state_295;凯塔;;;;;;;;;;;;x
state_296;莉莱;;;;;;;;;;;;x
state_297;珀开普特拉;;;;;;;;;;;;x
state_298;Haygean Islands;;;;;;;;;;;;x
state_299;Gelion and Kekion;;;;;;;;;;;;x
state_300;Aetia;;;;;;;;;;;;x
state_301;South Aetia;;;;;;;;;;;;x
state_302;米多利亚;;;;;;;;;;;;x
state_303;厄立特罗法利亚;;;;;;;;;;;;x
state_304;雪顶;;;;;;;;;;;;x
state_305;季温;;;;;;;;;;;;x
state_306;三叉戟河谷;;;;;;;;;;;;x
state_307;Scarlet Isle;;;;;;;;;;;;x
state_308;苏伏克;;;;;;;;;;;;x
state_309;隼尔科;;;;;;;;;;;;x
state_310;阿尔巴托雷;;;;;;;;;;;;x
state_311;马顿;;;;;;;;;;;;x
state_312;炎夏;;;;;;;;;;;;x
state_313;浓雾之地;;;;;;;;;;;;x
state_314;疣猪森林;;;;;;;;;;;;x
state_315;卡廷;;;;;;;;;;;;x
state_316;低矮地堑;;;;;;;;;;;;x
state_317;翱翔之土;;;;;;;;;;;;x
state_318;拉伯特;;;;;;;;;;;;x
state_319;Far Harbor;;;;;;;;;;;;x
state_320;塔林;;;;;;;;;;;;x
state_321;特兰西斯塔;;;;;;;;;;;;x
state_322;金羽;;;;;;;;;;;;x
state_323;弗朗齐斯;;;;;;;;;;;;x
state_324;飒卢佐;;;;;;;;;;;;x
state_325;普里代;;;;;;;;;;;;x
state_326;维诺维亚;;;;;;;;;;;;x
state_327;西卫;;;;;;;;;;;;x
state_328;绯红海岸;;;;;;;;;;;;x
state_329;里拉;;;;;;;;;;;;x
state_330;贝黎;;;;;;;;;;;;x
state_331;天鹰城;;;;;;;;;;;;x
state_332;Vanguardigo;;;;;;;;;;;;x
state_333;马托瓦;;;;;;;;;;;;x
state_334;塔隆纳特;;;;;;;;;;;;x
state_335;纳瓦罗;;;;;;;;;;;;x
state_336;Tasmaneia;;;;;;;;;;;;x
state_337;新蹄灵顿;;;;;;;;;;;;x
state_338;马蹄平原;;;;;;;;;;;;x
state_339;日落城;;;;;;;;;;;;x
state_340;北十字;;;;;;;;;;;;x
state_341;Greneclyf;;;;;;;;;;;;x
state_342;碎步与小跑群岛;;;;;;;;;;;;x
state_343;羽毛群岛;;;;;;;;;;;;x
state_344;Alaudias;;;;;;;;;;;;x
state_345;东阿里斯;;;;;;;;;;;;x
state_346;Eastwood;;;;;;;;;;;;x
state_347;阿里斯山;;;;;;;;;;;;x
state_348;北阿里斯;;;;;;;;;;;;x
state_349;中阿里斯;;;;;;;;;;;;x
state_350;西岸;;;;;;;;;;;;x
state_351;翱翔森林;;;;;;;;;;;;x
state_352;南阿里斯;;;;;;;;;;;;x
state_353;Macaianas;;;;;;;;;;;;x
state_354;圣灵堡;;;;;;;;;;;;x
state_355;大林地;;;;;;;;;;;;x
state_356;Ilhas Tres Irmaos;;;;;;;;;;;;x
state_357;大坎波;;;;;;;;;;;;x
state_358;Cachoeiro do Porto;;;;;;;;;;;;x
state_359;回声山脉;;;;;;;;;;;;x
state_360;圣佩纳里奥;;;;;;;;;;;;x
state_361;Rio de Jendaia;;;;;;;;;;;;x
state_362;Olho Selgado;;;;;;;;;;;;x
state_363;斯里鹿德;;;;;;;;;;;;x
state_364;马塔德佩拉;;;;;;;;;;;;x
state_365;百灵鸟山脊;;;;;;;;;;;;x
state_366;希乌玛斯;;;;;;;;;;;;x
state_367;扎米萨;;;;;;;;;;;;x
state_368;卡拉曼;;;;;;;;;;;;x
state_369;Zalithi;;;;;;;;;;;;x
state_370;迦骀基;;;;;;;;;;;;x
state_371;纯净领;;;;;;;;;;;;x
state_372;卡曼格丹;;;;;;;;;;;;x
state_373;宰宾乌普;;;;;;;;;;;;x
state_374;Zeordu-Amanesya;;;;;;;;;;;;x
state_375;特鲁卡特;;;;;;;;;;;;x
state_376;克孜勒斑;;;;;;;;;;;;x
state_377;山羊莱斯坦;;;;;;;;;;;;x
state_378;欣德;;;;;;;;;;;;x
state_379;福娜拉;;;;;;;;;;;;x
state_380;斯塔加卡;;;;;;;;;;;;x
state_381;古吉鹿特;;;;;;;;;;;;x
state_382;下多埃布;;;;;;;;;;;;x
state_383;鹿钵尔;;;;;;;;;;;;x
state_384;卡尔-阿勒帕卡;;;;;;;;;;;;x
state_385;Lhazco;;;;;;;;;;;;x
state_386;喀喇米尔;;;;;;;;;;;;x
state_387;嘉拉玛;;;;;;;;;;;;x
state_388;阿尔帕坎巴;;;;;;;;;;;;x
state_389;巴尔奇帕;;;;;;;;;;;;x
state_390;角霍尔;;;;;;;;;;;;x
state_391;雄鹿地;;;;;;;;;;;;x
state_392;鹿瓦尔;;;;;;;;;;;;x
state_393;Doehli;;;;;;;;;;;;x
state_394;上多埃布;;;;;;;;;;;;x
state_395;玛丽治里;;;;;;;;;;;;x
state_396;马图凯;;;;;;;;;;;;x
state_397;卡拉曼达拉姆;;;;;;;;;;;;x
state_398;奥斯特克兰比;;;;;;;;;;;;x
state_399;Dehler;;;;;;;;;;;;x
state_400;穆帕内里;;;;;;;;;;;;x
state_401;Antler Pradesh;;;;;;;;;;;;x
state_402;Merkaanen Forests;;;;;;;;;;;;x
state_403;偎言乡;;;;;;;;;;;;x
state_404;克洛维斯坦;;;;;;;;;;;;x
state_405;葛蹄;;;;;;;;;;;;x
state_406;鹿夹卜;;;;;;;;;;;;x
state_407;North Buckgal;;;;;;;;;;;;x
state_408;朱杜;;;;;;;;;;;;x
state_409;鹿岛角;;;;;;;;;;;;x
state_410;蹶加拉;;;;;;;;;;;;x
state_411;普渡泰赫;;;;;;;;;;;;x
state_412;麋鹿森林;;;;;;;;;;;;x
state_413;查谟-希兰;;;;;;;;;;;;x
state_414;Ungulanum;;;;;;;;;;;;x
state_415;希蹄;;;;;;;;;;;;x
state_416;Udder Pradesh;;;;;;;;;;;;x
state_417;福瑞加坡;;;;;;;;;;;;x
state_418;巴干塔;;;;;;;;;;;;x
state_419;莎努斯卡;;;;;;;;;;;;x
state_420;Vermillion Basin;;;;;;;;;;;;x
state_421;烁谷;;;;;;;;;;;;x
state_422;泽溟岭;;;;;;;;;;;;x
state_423;楚间;;;;;;;;;;;;x
state_424;绛褐岛;;;;;;;;;;;;x
state_425;Sunshine Headlands;;;;;;;;;;;;x
state_426;East Gossamer Woods;;;;;;;;;;;;x
state_427;腴沼;;;;;;;;;;;;x
state_428;West Gossamer Woods;;;;;;;;;;;;x
state_429;月白州;;;;;;;;;;;;x
state_430;楔绽;;;;;;;;;;;;x
state_431;梅紫;;;;;;;;;;;;x
state_432;祥霄;;;;;;;;;;;;x
state_433;玉辽;;;;;;;;;;;;x
state_434;碧隙;;;;;;;;;;;;x
state_435;萤森;;;;;;;;;;;;x
state_436;兰草;;;;;;;;;;;;x
state_437;刃疆;;;;;;;;;;;;x
state_438;丹宁林;;;;;;;;;;;;x
state_439;风野;;;;;;;;;;;;x
state_440;藤黄地;;;;;;;;;;;;x
state_441;决明疆;;;;;;;;;;;;x
state_442;莲座;;;;;;;;;;;;x
state_443;茨希马尼;;;;;;;;;;;;x
state_444;Niuew Grieslein;;;;;;;;;;;;x
state_445;罗阿谟;;;;;;;;;;;;x
state_446;Manetwa;;;;;;;;;;;;x
state_447;卡尔夫库姆;;;;;;;;;;;;x
state_448;蹄肯特;;;;;;;;;;;;x
state_449;蹶克兰;;;;;;;;;;;;x
state_450;柯什噶尔;;;;;;;;;;;;x
state_451;达佐古兹;;;;;;;;;;;;x
state_452;帕米兹山脉;;;;;;;;;;;;x
state_453;布克哈拉;;;;;;;;;;;;x
state_454;扎杰哈里;;;;;;;;;;;;x
state_455;Agzhat-Zinder;;;;;;;;;;;;x
state_456;门扎卡;;;;;;;;;;;;x
state_457;马阿弗雷;;;;;;;;;;;;x
state_458;阿齐尔;;;;;;;;;;;;x
state_459;祖阿特;;;;;;;;;;;;x
state_460;骆伊德山脉;;;;;;;;;;;;x
state_461;Twinzanbwe;;;;;;;;;;;;x
state_462;Zuvera;;;;;;;;;;;;x
state_463;Griffeveld;;;;;;;;;;;;x
state_464;Niuew Rottendestaat;;;;;;;;;;;;x
state_465;Griff-Reinet;;;;;;;;;;;;x
state_466;基斯鬃尤;;;;;;;;;;;;x
state_467;扎拉瓦;;;;;;;;;;;;x
state_468;姆津迦;;;;;;;;;;;;x
state_469;扎木;;;;;;;;;;;;x
state_470;兹姆潘古;;;;;;;;;;;;x
state_471;宗果;;;;;;;;;;;;x
state_472;祖巴;;;;;;;;;;;;x
state_473;祖宾安巴;;;;;;;;;;;;x
state_474;爪隆坡;;;;;;;;;;;;x
state_475;扎雷德林迪;;;;;;;;;;;;x
state_476;泽萨兰皮;;;;;;;;;;;;x
state_477;坦阿伊格哈;;;;;;;;;;;;x
state_478;卡拉巴泽;;;;;;;;;;;;x
state_479;尼莱亚利沃;;;;;;;;;;;;x
state_480;苏卡特拉玛雷纳;;;;;;;;;;;;x
state_481;色拉姆;;;;;;;;;;;;x
state_482;马黎波里;;;;;;;;;;;;x
state_483;马革坞顿;;;;;;;;;;;;x
state_484;巴骀-那-斑塔约戈;;;;;;;;;;;;x
state_485;卡苏布-阿南;;;;;;;;;;;;x
state_486;帕加沃克;;;;;;;;;;;;x
state_487;帕劳内;;;;;;;;;;;;x
state_488;慧净;;;;;;;;;;;;x
state_489;格兰;;;;;;;;;;;;x
state_490;土基骀;;;;;;;;;;;;x
state_491;巴利西拉克;;;;;;;;;;;;x
state_492;普拉拉普;;;;;;;;;;;;x
state_493;Sumatrot;;;;;;;;;;;;x
state_494;Wezuli-Mizor;;;;;;;;;;;;x
state_495;扎瓦;;;;;;;;;;;;x
state_496;Hyusisayin Ap';;;;;;;;;;;;x
state_497;阿雷维利安·阿普;;;;;;;;;;;;x
state_498;塔吉-霍格尔山;;;;;;;;;;;;x
state_499;杭吉斯特·朱尔;;;;;;;;;;;;x
state_500;吉兹利群岛;;;;;;;;;;;;x
state_501;北海滨;;;;;;;;;;;;x
state_502;锡纳克;;;;;;;;;;;;x
state_503;大角;;;;;;;;;;;;x
state_504;南丘地;;;;;;;;;;;;x
state_505;Ada Islands;;;;;;;;;;;;x
state_506;努拉伊耶;;;;;;;;;;;;x
state_507;中央高原;;;;;;;;;;;;x
state_508;首壤之地;;;;;;;;;;;;x
state_509;虬枝橡林;;;;;;;;;;;;x
state_510;火线;;;;;;;;;;;;x
state_511;纳阿尔塔;;;;;;;;;;;;x
state_512;库尔欣塔;;;;;;;;;;;;x
state_513;杜尔加里尔;;;;;;;;;;;;x
state_514;扎卡伊马哈;;;;;;;;;;;;x
state_515;兹帕苏;;;;;;;;;;;;x
state_516;加贾尔;;;;;;;;;;;;x
state_517;绯红群岛;;;;;;;;;;;;x
state_518;Adishu;;;;;;;;;;;;x
state_519;Kaynta Dooxada;;;;;;;;;;;;x
state_520;Guri Dhurwaa;;;;;;;;;;;;x
state_521;雨堡;;;;;;;;;;;;x
state_522;湿堤;;;;;;;;;;;;x
state_523;卡伦;;;;;;;;;;;;x
state_524;雷霆崖;;;;;;;;;;;;x
state_525;风降;;;;;;;;;;;;x
state_526;多多马尼;;;;;;;;;;;;x
state_527;Comareos and Zanzibuck;;;;;;;;;;;;x
state_528;兹科马;;;;;;;;;;;;x
state_529;穆马内;;;;;;;;;;;;x
state_530;尊巴拿;;;;;;;;;;;;x
state_531;扎诺;;;;;;;;;;;;x
state_532;伊杰比;;;;;;;;;;;;x
state_533;Gelon-Zornu;;;;;;;;;;;;x
state_534;卡马内;;;;;;;;;;;;x
state_535;乌加比;;;;;;;;;;;;x
state_536;蹶肯尼;;;;;;;;;;;;x
state_537;蹶路支斯坦;;;;;;;;;;;;x
state_538;马地那;;;;;;;;;;;;x
state_539;亚达科马内;;;;;;;;;;;;x
state_540;弗马斯;;;;;;;;;;;;x
state_541;卡兹鬃内因;;;;;;;;;;;;x
state_542;马尔什哈德;;;;;;;;;;;;x
state_543;萨姆瓦特;;;;;;;;;;;;x
state_544;特洛特巴斯;;;;;;;;;;;;x
state_545;瑟马内;;;;;;;;;;;;x
state_546;特洛特兰;;;;;;;;;;;;x
state_547;苏赫马内;;;;;;;;;;;;x
state_548;雅巴尔塔里克;;;;;;;;;;;;x
state_549;东部省;;;;;;;;;;;;x
state_550;马尔戈斯坦;;;;;;;;;;;;x
state_551;特洛塔巴德;;;;;;;;;;;;x
state_552;Kermaneshah;;;;;;;;;;;;x
state_553;霍拉鬃巴德;;;;;;;;;;;;x
state_554;马拉鬃内尔;;;;;;;;;;;;x
state_555;撒里干;;;;;;;;;;;;x
state_556;扎尔马雷;;;;;;;;;;;;x
state_557;Mozzi;;;;;;;;;;;;x
state_558;贝蹄;;;;;;;;;;;;x
state_559;马里布;;;;;;;;;;;;x
state_560;奥兰达;;;;;;;;;;;;x
state_561;科托霍;;;;;;;;;;;;x
state_562;蹶克尔;;;;;;;;;;;;x
state_563;齐亚尼;;;;;;;;;;;;x
state_564;安宗果;;;;;;;;;;;;x
state_565;扎奥;;;;;;;;;;;;x
state_566;马希;;;;;;;;;;;;x
state_567;朱德尼;;;;;;;;;;;;x
state_568;蹶朱达;;;;;;;;;;;;x
state_569;宗戈拉;;;;;;;;;;;;x
state_570;拉艾姆;;;;;;;;;;;;x
state_571;廷布克图;;;;;;;;;;;;x
state_572;祖德;;;;;;;;;;;;x
state_573;Qurhoof;;;;;;;;;;;;x
state_574;撒得哈拉;;;;;;;;;;;;x
state_575;乌斯特罗塔;;;;;;;;;;;;x
state_576;Marestra;;;;;;;;;;;;x
state_577;马卡拉;;;;;;;;;;;;x
state_578;鬃那;;;;;;;;;;;;x
state_579;法拉萨;;;;;;;;;;;;x
state_580;阿西努斯;;;;;;;;;;;;x
state_581;杰克什;;;;;;;;;;;;x
state_582;安塞鲁克;;;;;;;;;;;;x
state_583;欧杰马达;;;;;;;;;;;;x
state_584;雅巴尔舍迈尔;;;;;;;;;;;;x
state_585;阿尔卡卜;;;;;;;;;;;;x
state_586;鬃迪纳;;;;;;;;;;;;x
state_587;亚卜曼埃因;;;;;;;;;;;;x
state_588;托图巴;;;;;;;;;;;;x
state_589;阿尔马内德;;;;;;;;;;;;x
state_590;阿瓦勒;;;;;;;;;;;;x
state_591;马卡拉特;;;;;;;;;;;;x
state_592;达瓦赛;;;;;;;;;;;;x
state_593;比沙;;;;;;;;;;;;x
state_594;贾夫马;;;;;;;;;;;;x
state_595;纳杰加洛普;;;;;;;;;;;;x
state_596;加拉布;;;;;;;;;;;;x
state_597;蹶卡拉;;;;;;;;;;;;x
state_598;泰拉伊姆桑;;;;;;;;;;;;x
state_599;马阿喀什;;;;;;;;;;;;x
state_600;托洛吉尔;;;;;;;;;;;;x
state_601;海哈;;;;;;;;;;;;x
state_602;亚述;;;;;;;;;;;;x
state_603;Mulei;;;;;;;;;;;;x
state_604;Hee-Hawtra;;;;;;;;;;;;x
state_605;祖什;;;;;;;;;;;;x
state_606;Maregyptian Desert;;;;;;;;;;;;x
state_607;九流镇;;;;;;;;;;;;x
state_608;马伊丁;;;;;;;;;;;;x
state_609;达斯蹄;;;;;;;;;;;;x
state_610;Tuneighsian Desert;;;;;;;;;;;;x
state_611;梦晶城;;;;;;;;;;;;x
state_612;厄埃克索耳;;;;;;;;;;;;x
state_613;呢骡三角洲;;;;;;;;;;;;x
state_614;驹尔多瓦;;;;;;;;;;;;x
state_615;Sineigh Desert;;;;;;;;;;;;x
state_616;黑豹城;;;;;;;;;;;;x
state_617;奥罗喵亚;;;;;;;;;;;;x
state_618;爪沃里特雷亚;;;;;;;;;;;;x
state_619;毛切瓦;;;;;;;;;;;;x
state_620;恰托拉赫;;;;;;;;;;;;x
state_621;卡克卡特;;;;;;;;;;;;x
state_622;吉拉提;;;;;;;;;;;;x
state_623;波咝;;;;;;;;;;;;x
state_624;新马里达;;;;;;;;;;;;x
state_625;放逐者登陆地;;;;;;;;;;;;x
state_626;新南巴克堡;;;;;;;;;;;;x
state_627;马内巴;;;;;;;;;;;;x
state_628;托蹶克;;;;;;;;;;;;x
state_629;阿齐姆加夫;;;;;;;;;;;;x
state_630;阿斯卡利翁;;;;;;;;;;;;x
state_631;齐尔塔;;;;;;;;;;;;x
state_632;安纳扎;;;;;;;;;;;;x
state_633;奥雷兹丘陵;;;;;;;;;;;;x
state_634;弗约德谷;;;;;;;;;;;;x
state_635;Barrad-Elisay;;;;;;;;;;;;x
state_636;危峦;;;;;;;;;;;;x
state_637;凉廊;;;;;;;;;;;;x
state_638;瑙峡;;;;;;;;;;;;x
state_639;婧岬;;;;;;;;;;;;x
state_640;彦幽;;;;;;;;;;;;x
state_641;苍藩;;;;;;;;;;;;x
state_642;Apricot Glen;;;;;;;;;;;;x
state_643;曛谷;;;;;;;;;;;;x
state_644;安殷;;;;;;;;;;;;x
state_645;青岸;;;;;;;;;;;;x
state_646;骆坎德;;;;;;;;;;;;x
state_647;皮驮汗;;;;;;;;;;;;x
state_648;灵异方场;;;;;;;;;;;;x
state_649;阿尼贝萨;;;;;;;;;;;;x
state_650;风暴之眼;;;;;;;;;;;;x
state_651;漩涡海岸;;;;;;;;;;;;x
state_652;斑瓦西里;;;;;;;;;;;;x
state_653;祖鲁木齐;;;;;;;;;;;;x
state_654;扎那;;;;;;;;;;;;x
state_655;花环;;;;;;;;;;;;x
