#Follow the following format for every entry: culturename;localisation;;;;;;;;;;x DO NOT LEAVE ANY NEWLINES, EVER. ALL LOCALISATION FILES MUST BE ANSI FORMAT OR IT BREAKS SPECIAL CHARACTERS.
pony;Pony;;;;;;;;;;x
equestrian;Equestrian;;;;;;;;;;x
marelander;New Marelander;;;;;;;;;;x
crystal_empire;Crystal Empire;;;;;;;;;;x
severyanian;Severyanian;;;;;;;;;;x
trotsan;Trotsan;;;;;;;;;;x
aztlan;Aztlan;;;;;;;;;;x
caballo;Caballo;;;;;;;;;;x
north;Northern;;;;;;;;;;x
riverlander;Riverlander;;;;;;;;;;x
hill;Hill;;;;;;;;;;x
wittenlandic;Wittenlandic;;;;;;;;;;x
ponaidh;Ponaidh;;;;;;;;;;x
nimbusian;Nimbusian;;;;;;;;;;x
vartai;Vartai;;;;;;;;;;x
maregyptian;Maregyptian;;;;;;;;;;x
tobuckian;Tobuckian;;;;;;;;;;x
manedalusian;Manedalusian;;;;;;;;;;x
hestrayan;Hestrayan;;;;;;;;;;x
north_thestral;Northern Batpony;;;;;;;;;;x
aztlan_thestral;Aztlan Batpony;;;;;;;;;;x
legion_thestral;Chiropterran Pony;;;;;;;;;;x
changeling;Changeling;;;;;;;;;;x
boreal;Boreal;;;;;;;;;;x
brackish;Brackish;;;;;;;;;;x
greneclyf;Greneclyf;;;;;;;;;;x
yak;Yak;;;;;;;;;;x
western;Western;;;;;;;;;;x
eastern;Eastern;;;;;;;;;;x
zebra;Zebra;;;;;;;;;;x
kasan;Kasan;;;;;;;;;;x
zonician;Zonician;;;;;;;;;;x
imazeeb;Imazeeb;;;;;;;;;;x
quaggan;Quaggan;;;;;;;;;;x
zebharan;Zwadai;;;;;;;;;;x
alwani;Zubian;;;;;;;;;;x
zarhay;Zar-Hay;;;;;;;;;;x
macigenan;Macigenan;;;;;;;;;;x
mazwian;Mazwian;;;;;;;;;;x
mozzi;Mozzian;;;;;;;;;;x
ugabi;Ugabian;;;;;;;;;;x
aorandan;Aorandan;;;;;;;;;;x
zornu;Zornuan;;;;;;;;;;x
hayzeb;Hayzeb;;;;;;;;;;x
zwahilean;Zwahilean;;;;;;;;;;x
imba_zaru;Imba-Zaru;;;;;;;;;;x
tzhimane;Tzhimanean;;;;;;;;;;x
roaman;Roaman;;;;;;;;;;x
zebluan;Zebluan;;;;;;;;;;x
zongolese;Zongolese;;;;;;;;;;x
talarayi;Talarayi;;;;;;;;;;x
southeast;Lost Jungle;;;;;;;;;;x
deer;Deer;;;;;;;;;;x
olenian;Olenian;;;;;;;;;;x
austurland;Austurlandic;;;;;;;;;;x
hindo_olenian;Hindo-Olenian;;;;;;;;;;x
hindian;Hindian;;;;;;;;;;x
buffalos;Buffalo;;;;;;;;;;x
buffalo;Buffalo;;;;;;;;;;x
griffon;Griffon;;;;;;;;;;x
herzlander;Herzlander;;;;;;;;;;x
ostlander;Ostlander;;;;;;;;;;x
feathisian;Feathisian;;;;;;;;;;x
nova;Nova Griffonian;;;;;;;;;;x
vedinan;Vedinan;;;;;;;;;;x
cloudburian;Cloudburian;;;;;;;;;;x
arcturian;Arcturian;;;;;;;;;;x
aquileian;Aquileian;;;;;;;;;;x
greifwald;Greifwalder;;;;;;;;;;x
pomovarran;Pomovarran;;;;;;;;;;x
east_aquileian;Lointaineau;;;;;;;;;;x
griffonstone;Griffonstonian;;;;;;;;;;x
rumare;Rumarean;;;;;;;;;;x
karthinian;Karthinian;;;;;;;;;;x
talousian;Talousian;;;;;;;;;;x
sicameonese;Sicameonese;;;;;;;;;;x
lushian;Lushian;;;;;;;;;;x
prywhenian;Prywhenian;;;;;;;;;;x
zaphzian;Zaphzian;;;;;;;;;;x
gryphussian;Gryphussian;;;;;;;;;;x
zebrican;Kompel;;;;;;;;;;x
kirin;Kirin;;;;;;;;;;x
kirian;Kirian;;;;;;;;;;x
zaikirian;Zaikirian;;;;;;;;;;x
bears;Polar Bear;;;;;;;;;;x
polar_bears;Polar Bear;;;;;;;;;;x
penguins;Penguin;;;;;;;;;;x
penguin;Penguin;;;;;;;;;;x
dragons;Dragon;;;;;;;;;;x
fire_dragon;Fire Dragon;;;;;;;;;;x
ice_dragon;Ice Dragon;;;;;;;;;;x
diamond_dogs;Diamond Dog;;;;;;;;;;x
diamond_dog;Diamond Dog;;;;;;;;;;x
minotaurs;Minotaur;;;;;;;;;;x
minotaur;Minotaur;;;;;;;;;;x
undeads;Undead;;;;;;;;;;x
undead;Undead;;;;;;;;;;x
harpies;Harpy;;;;;;;;;;x
macawian;Macawian;;;;;;;;;;x
ornithian;Ornithian;;;;;;;;;;x
hippogriffs;Hippogriff;;;;;;;;;;x
hippogriffian;Hippogriff;;;;;;;;;;x
abyssinian_cats;Abyssinian Cat;;;;;;;;;;x
abyssinian;Abyssinian;;;;;;;;;;x
donkeys;Donkey;;;;;;;;;;x
asstyrian;Asstyrian;;;;;;;;;;x
anserukian;Anserukian;;;;;;;;;;x
horses;Horse;;;;;;;;;;x
arabian;Arabian;;;;;;;;;;x
yemane;Yemanei;;;;;;;;;;x
riseian;Riseian;;;;;;;;;;x
reemite;Re'emite;;;;;;;;;;x
karkad;Karkadannistani;;;;;;;;;;x
yetis;Yeti;;;;;;;;;;x
yeti;Yeti;;;;;;;;;;x
hyenas;Hyena;;;;;;;;;;x
hyenian;Hyenian;;;;;;;;;;x
chisimbi;Twizanyikan;;;;;;;;;;x
giraffes;Giraffe;;;;;;;;;;x
giraffe;Giraffe;;;;;;;;;;x
gargoyles;Gargoyle;;;;;;;;;;x
gargoyle;Gargoyle;;;;;;;;;;x
centaurs;Centaur;;;;;;;;;;x
centaur;Centaur;;;;;;;;;;x
camels;Camel;;;;;;;;;;x
camel;Camel;;;;;;;;;;x
llamas;Llama;;;;;;;;;;x
llama;Llama;;;;;;;;;;x
alpaca;Alpaca;;;;;;;;;;x
