########################Celestia Gold Rush Events#######################;;x
EVTNAME9991300;Gold on The Mountain;;x
EVTDESC9991300;Rumours of gold on The Mountain have been confirmed. Prospectors and fortune-seekers are already streaming toward its slopes, and the world's markets will soon feel the weight of new coin.;;x
EVTOPTA9991300;Stake our claim.;;x
EVTNAME9991301;Gold near Klugetown;;x
EVTDESC9991301;A major gold strike near Klugetown has set off a rush across the desert. The town's markets are awash with new money.;;x
EVTOPTA9991301;Stake our claim.;;x
EVTNAME9991302;Gold at Flowena;;x
EVTDESC9991302;Gold has been discovered in the hills around Flowena, drawing miners and merchants to the city.;;x
EVTOPTA9991302;Stake our claim.;;x
EVTNAME9991303;Gold at Firstport;;x
EVTDESC9991303;A rich gold vein has been found near Firstport. The harbour is bracing for a flood of prospectors.;;x
EVTOPTA9991303;Stake our claim.;;x
EVTNAME9991304;Gold at New Ayacachtli;;x
EVTDESC9991304;Prospectors have struck gold at New Ayacachtli. Word is spreading fast through the region.;;x
EVTOPTA9991304;Stake our claim.;;x
EVTNAME9991305;Gold at Bronzekreuz;;x
EVTDESC9991305;A gold find at Bronzekreuz has sparked a rush, and the local economy is booming.;;x
EVTOPTA9991305;Stake our claim.;;x
EVTNAME9991306;Gold in the Skyfall Mines;;x
EVTDESC9991306;Gold has been discovered in the mines of Skyfall. Fortune-seekers are flocking to the city.;;x
EVTOPTA9991306;Stake our claim.;;x
