#Equus;;;;;;;;;;;;;;x
#############################################;;;;;;;;;;;;;;x
state_0;Everfree Forest;;;;;;;;;;;;;;;;;;;;;;;;;;;
state_1;Canterlot;;;;;;;;;;;;;;;;;;;;;;;;;;;
state_2;Ponyville;;;;;;;;;;;;;;;;;;;;;;;;;;;
state_3;Coltfoalnia;;;;;;;;;;;;;;;;;;;;;;;;;;;
state_4;Tall Tale;;;;;;;;;;;;;;;;;;;;;;;;;;;
state_5;Vanhoover;;;;;;;;;;;;;;;;;;;;;;;;;;;
state_6;Roe Plains;;;;;;;;;;;;;;;;;;;;;;;;;;;
state_7;Mead Lake;;;;;;;;;;;;;;;;;;;;;;;;;;;
state_8;Tall Woods;;;;;;;;;;;;;;;;;;;;;;;;;;;
state_9;Twisted Tail Valley;;;;;;;;;;;;;;;;;;;;;;;;;;;
state_10;White Tail Woods;;;;;;;;;;;;;;;;;;;;;;;;;;;
state_11;Fort Acorn;;;;;;;;;;;;;;;;;;;;;;;;;;;
state_12;Diamond Lands;;;;;;;;;;;;;;;;;;;;;;;;;;;
state_13;Fairflanks-Whitebell;;;;;;;;;;;;;;;;;;;;;;;;;;;
state_14;West Yeahcon;;;;;;;;;;;;;;;;;;;;;;;;;;;
state_15;Cloudsdale;;;;;;;;;;;;;;;;;;;;;;;;;;;
state_16;Forgetmenot Meadows;;;;;;;;;;;;;;;;;;;;;;;;;;;
state_17;Peachwoods;;;;;;;;;;;;;;;;;;;;;;;;;;;
state_18;Oleander Valley;;;;;;;;;;;;;;;;;;;;;;;;;;;
state_19;Honey Forest;;;;;;;;;;;;;;;;;;;;;;;;;;;
state_20;East Yeahcon;;;;;;;;;;;;;;;;;;;;;;;;;;;
state_21;Solside Plains;;;;;;;;;;;;;;;;;;;;;;;;;;;
state_22;Neighkotas;;;;;;;;;;;;;;;;;;;;;;;;;;;
state_23;Whinnysota;;;;;;;;;;;;;;;;;;;;;;;;;;;
state_24;Las Pegasus;;;;;;;;;;;;;;;;;;;;;;;;;;;
state_25;Aetherlands;;;;;;;;;;;;;;;;;;;;;;;;;;;
state_26;North Trotsas;;;;;;;;;;;;;;;;;;;;;;;;;;;
state_27;Central Trotsas;;;;;;;;;;;;;;;;;;;;;;;;;;;
state_28;Canter Creek;;;;;;;;;;;;;;;;;;;;;;;;;;;
state_29;South Trotsas;;;;;;;;;;;;;;;;;;;;;;;;;;;
state_30;Doo Nidhaltinghoo;;;;;;;;;;;;;;;;;;;;;;;;;;;
state_31;Arimaspi Territory;;;;;;;;;;;;;;;;;;;;;;;;;;;
state_32;Tsoh Halgai;;;;;;;;;;;;;;;;;;;;;;;;;;;
state_33;Appleloosa;;;;;;;;;;;;;;;;;;;;;;;;;;;
state_34;Manehattan;;;;;;;;;;;;;;;;;;;;;;;;;;;
state_35;Poninsula;;;;;;;;;;;;;;;;;;;;;;;;;;;
state_36;Clear Skies;;;;;;;;;;;;;;;;;;;;;;;;;;;
state_37;Fillydelphia;;;;;;;;;;;;;;;;;;;;;;;;;;;
state_38;Welcoming Fields;;;;;;;;;;;;;;;;;;;;;;;;;;;
state_39;Raspberry Fields;;;;;;;;;;;;;;;;;;;;;;;;;;;
state_40;Neighagra-Trotterfield;;;;;;;;;;;;;;;;;;;;;;;;;;;
state_41;Alicorn Sister;;;;;;;;;;;;;;;;;;;;;;;;;;;
state_42;Rockville;;;;;;;;;;;;;;;;;;;;;;;;;;;
state_43;Neighvada;;;;;;;;;;;;;;;;;;;;;;;;;;;
state_44;Silent Sands;;;;;;;;;;;;;;;;;;;;;;;;;;;
state_45;Even;;;;;;;;;;;;;;;;;;;;;;;;;;;
state_46;Pastures;;;;;;;;;;;;;;;;;;;;;;;;;;;
state_47;Boring Fields;;;;;;;;;;;;;;;;;;;;;;;;;;;
state_48;Trotland;;;;;;;;;;;;;;;;;;;;;;;;;;;
state_49;Hoofington;;;;;;;;;;;;;;;;;;;;;;;;;;;
state_50;Comet Province;;;;;;;;;;;;;;;;;;;;;;;;;;;
state_51;Sirius;;;;;;;;;;;;;;;;;;;;;;;;;;;
state_52;Macintosh Hills;;;;;;;;;;;;;;;;;;;;;;;;;;;
state_53;Hughills;;;;;;;;;;;;;;;;;;;;;;;;;;;
state_54;Bitterberry Fields;;;;;;;;;;;;;;;;;;;;;;;;;;;
state_55;Hollow Shades;;;;;;;;;;;;;;;;;;;;;;;;;;;
state_56;Mareland;;;;;;;;;;;;;;;;;;;;;;;;;;;
state_57;Friesian Eastlands;;;;;;;;;;;;;;;;;;;;;;;;;;;
state_58;Foal Mountains;;;;;;;;;;;;;;;;;;;;;;;;;;;
state_59;Meadowlands;;;;;;;;;;;;;;;;;;;;;;;;;;;
state_60;Mustangia;;;;;;;;;;;;;;;;;;;;;;;;;;;
state_61;Amethyst Basin;;;;;;;;;;;;;;;;;;;;;;;;;;;
state_62;Baltimare;;;;;;;;;;;;;;;;;;;;;;;;;;;
state_63;Moonlight Shore;;;;;;;;;;;;;;;;;;;;;;;;;;;
state_64;Duskway;;;;;;;;;;;;;;;;;;;;;;;;;;;
state_65;Mango Province;;;;;;;;;;;;;;;;;;;;;;;;;;;
state_66;Tenochtitlan;;;;;;;;;;;;;;;;;;;;;;;;;;;
state_67;Itzomitl Coast;;;;;;;;;;;;;;;;;;;;;;;;;;;
state_68;Zazquiyahuitl;;;;;;;;;;;;;;;;;;;;;;;;;;;
state_69;Teopixqui;;;;;;;;;;;;;;;;;;;;;;;;;;;
state_70;Yucoltan;;;;;;;;;;;;;;;;;;;;;;;;;;;
state_71;Mosquito Forest;;;;;;;;;;;;;;;;;;;;;;;;;;;
state_72;Chinamitl;;;;;;;;;;;;;;;;;;;;;;;;;;;
state_73;Cuetzpalliztli;;;;;;;;;;;;;;;;;;;;;;;;;;;
state_74;Cloudy Hills;;;;;;;;;;;;;;;;;;;;;;;;;;;
state_75;Tricorn;;;;;;;;;;;;;;;;;;;;;;;;;;;
state_76;Prance;;;;;;;;;;;;;;;;;;;;;;;;;;;
state_77;Magical Plateau;;;;;;;;;;;;;;;;;;;;;;;;;;;
state_78;Albion;;;;;;;;;;;;;;;;;;;;;;;;;;;
state_79;Griffish Isles;;;;;;;;;;;;;;;;;;;;;;;;;;;
state_80;Puerto Caballo;;;;;;;;;;;;;;;;;;;;;;;;;;;
state_81;Spa and Summer Islands;;;;;;;;;;;;;;;;;;;;;;;;;;;
state_82;Dragon Isles;;;;;;;;;;;;;;;;;;;;;;;;;;;
state_83;Krupochkino;;;;;;;;;;;;;;;;;;;;;;;;;;;
state_84;West Goatcasus;;;;;;;;;;;;;;;;;;;;;;;;;;;
state_85;Zakatnie Lands;;;;;;;;;;;;;;;;;;;;;;;;;;;
state_86;Cranberry Marsh;;;;;;;;;;;;;;;;;;;;;;;;;;;
state_87;Chillwing;;;;;;;;;;;;;;;;;;;;;;;;;;;
state_88;Petershoof;;;;;;;;;;;;;;;;;;;;;;;;;;;
state_89;Bird Territory;;;;;;;;;;;;;;;;;;;;;;;;;;;
state_90;Princessyn;;;;;;;;;;;;;;;;;;;;;;;;;;;
state_91;Misty Hills;;;;;;;;;;;;;;;;;;;;;;;;;;;
state_92;Hoofbeat Krai;;;;;;;;;;;;;;;;;;;;;;;;;;;
state_93;Marshmallow;;;;;;;;;;;;;;;;;;;;;;;;;;;
state_94;Majestic Gardens;;;;;;;;;;;;;;;;;;;;;;;;;;;
state_95;Ravenskoye;;;;;;;;;;;;;;;;;;;;;;;;;;;
state_96;Zayatsk-Sovyenok;;;;;;;;;;;;;;;;;;;;;;;;;;;
state_97;Lightway Farms;;;;;;;;;;;;;;;;;;;;;;;;;;;
state_98;Zvezdopadovo;;;;;;;;;;;;;;;;;;;;;;;;;;;
state_99;Lammia;;;;;;;;;;;;;;;;;;;;;;;;;;;
state_100;Town With No Name;;;;;;;;;;;;;;;;;;;;;;;;;;;
state_101;Mysterious Ice;;;;;;;;;;;;;;;;;;;;;;;;;;;
state_102;Ice Fields;;;;;;;;;;;;;;;;;;;;;;;;;;;
state_103;Crystal Mountains;;;;;;;;;;;;;;;;;;;;;;;;;;;
state_104;Incomprehensibly Vast Ice;;;;;;;;;;;;;;;;;;;;;;;;;;;
state_105;Endless Ice;;;;;;;;;;;;;;;;;;;;;;;;;;;
state_106;Yak Range;;;;;;;;;;;;;;;;;;;;;;;;;;;
state_107;Yet More Ice;;;;;;;;;;;;;;;;;;;;;;;;;;;
state_108;Even More Ice;;;;;;;;;;;;;;;;;;;;;;;;;;;
state_109;Somehow Even More Ice;;;;;;;;;;;;;;;;;;;;;;;;;;;
state_110;Ice;;;;;;;;;;;;;;;;;;;;;;;;;;;
state_111;More Ice;;;;;;;;;;;;;;;;;;;;;;;;;;;
state_112;Weter;;;;;;;;;;;;;;;;;;;;;;;;;;;
state_113;Frozen North;;;;;;;;;;;;;;;;;;;;;;;;;;;
state_114;Broken Skull;;;;;;;;;;;;;;;;;;;;;;;;;;;
state_115;Beak;;;;;;;;;;;;;;;;;;;;;;;;;;;
state_116;Bjornholm;;;;;;;;;;;;;;;;;;;;;;;;;;;
state_117;Uulin Griffins;;;;;;;;;;;;;;;;;;;;;;;;;;;
state_118;Amdral Nuur;;;;;;;;;;;;;;;;;;;;;;;;;;;
state_119;Cannibal Mountains;;;;;;;;;;;;;;;;;;;;;;;;;;;
state_120;Rose Forest;;;;;;;;;;;;;;;;;;;;;;;;;;;
state_121;Weidadehudedaier;;;;;;;;;;;;;;;;;;;;;;;;;;;
state_122;Western Kingsmere;;;;;;;;;;;;;;;;;;;;;;;;;;;
state_123;Rudeigin A Tha Sin;;;;;;;;;;;;;;;;;;;;;;;;;;;
state_124;Kluv Valley;;;;;;;;;;;;;;;;;;;;;;;;;;;
state_125;Saihan Tolgod;;;;;;;;;;;;;;;;;;;;;;;;;;;
state_126;Yakistan Valley;;;;;;;;;;;;;;;;;;;;;;;;;;;
state_127;Northern Yak Range;;;;;;;;;;;;;;;;;;;;;;;;;;;
state_128;Bara'dur;;;;;;;;;;;;;;;;;;;;;;;;;;;
state_129;Numuul;;;;;;;;;;;;;;;;;;;;;;;;;;;
state_130;Shidetgasar;;;;;;;;;;;;;;;;;;;;;;;;;;;
state_131;Uulan Baavguy;;;;;;;;;;;;;;;;;;;;;;;;;;;
state_132;Pingvinland;;;;;;;;;;;;;;;;;;;;;;;;;;;
state_133;Dachaigh;;;;;;;;;;;;;;;;;;;;;;;;;;;
state_134;Mathair Fearainn;;;;;;;;;;;;;;;;;;;;;;;;;;;
state_135;Onlartir;;;;;;;;;;;;;;;;;;;;;;;;;;;
state_136;Geirfuglvidda;;;;;;;;;;;;;;;;;;;;;;;;;;;
state_137;Wesslandia;;;;;;;;;;;;;;;;;;;;;;;;;;;
state_138;Eastern Key Lake;;;;;;;;;;;;;;;;;;;;;;;;;;;
state_139;Soryth;;;;;;;;;;;;;;;;;;;;;;;;;;;
state_140;Saddening Shore;;;;;;;;;;;;;;;;;;;;;;;;;;;
state_141;Gorak;;;;;;;;;;;;;;;;;;;;;;;;;;;
state_142;Kladbische;;;;;;;;;;;;;;;;;;;;;;;;;;;
state_143;Changeling Fjords;;;;;;;;;;;;;;;;;;;;;;;;;;;
state_144;Ditrysium;;;;;;;;;;;;;;;;;;;;;;;;;;;
state_145;Soulless Mountains;;;;;;;;;;;;;;;;;;;;;;;;;;;
state_146;Lyctida;;;;;;;;;;;;;;;;;;;;;;;;;;;
state_147;Vesalipolis;;;;;;;;;;;;;;;;;;;;;;;;;;;
state_148;Tainaholm;;;;;;;;;;;;;;;;;;;;;;;;;;;
state_149;Svartforest;;;;;;;;;;;;;;;;;;;;;;;;;;;
state_150;Killing Swamps;;;;;;;;;;;;;;;;;;;;;;;;;;;
state_151;Vraks;;;;;;;;;;;;;;;;;;;;;;;;;;;
state_152;Den;;;;;;;;;;;;;;;;;;;;;;;;;;;
state_153;Major Forest;;;;;;;;;;;;;;;;;;;;;;;;;;;
state_154;Katemarsh;;;;;;;;;;;;;;;;;;;;;;;;;;;
state_155;Svarm;;;;;;;;;;;;;;;;;;;;;;;;;;;
state_156;Great Marsh;;;;;;;;;;;;;;;;;;;;;;;;;;;
state_157;Wild Lands;;;;;;;;;;;;;;;;;;;;;;;;;;;
state_158;They Hear;;;;;;;;;;;;;;;;;;;;;;;;;;;
state_159;Ostskog;;;;;;;;;;;;;;;;;;;;;;;;;;;
state_160;Vaverfront;;;;;;;;;;;;;;;;;;;;;;;;;;;
state_161;Horn Skog;;;;;;;;;;;;;;;;;;;;;;;;;;;
state_162;Manty Creek;;;;;;;;;;;;;;;;;;;;;;;;;;;
state_163;Elk Shore;;;;;;;;;;;;;;;;;;;;;;;;;;;
state_164;Granhalvon;;;;;;;;;;;;;;;;;;;;;;;;;;;
state_165;Solgud Bergskedja;;;;;;;;;;;;;;;;;;;;;;;;;;;
state_166;Cervus;;;;;;;;;;;;;;;;;;;;;;;;;;;
state_167;Peuramaa;;;;;;;;;;;;;;;;;;;;;;;;;;;
state_168;Vuonola;;;;;;;;;;;;;;;;;;;;;;;;;;;
state_169;Tradvagg;;;;;;;;;;;;;;;;;;;;;;;;;;;
state_170;Palsstick Halvon;;;;;;;;;;;;;;;;;;;;;;;;;;;
state_171;Bortbyting Hogland;;;;;;;;;;;;;;;;;;;;;;;;;;;
state_172;Les Meridiennes;;;;;;;;;;;;;;;;;;;;;;;;;;;
state_173;Haukland;;;;;;;;;;;;;;;;;;;;;;;;;;;
state_174;Sydvastland-Soderbotten;;;;;;;;;;;;;;;;;;;;;;;;;;;
state_175;Skyrim;;;;;;;;;;;;;;;;;;;;;;;;;;;
state_176;Snalland-Kullbotten;;;;;;;;;;;;;;;;;;;;;;;;;;;
state_177;Ostland;;;;;;;;;;;;;;;;;;;;;;;;;;;
state_178;Flodbotten;;;;;;;;;;;;;;;;;;;;;;;;;;;
state_179;Skynavia;;;;;;;;;;;;;;;;;;;;;;;;;;;
state_180;Liftauf;;;;;;;;;;;;;;;;;;;;;;;;;;;
state_181;Vastmush;;;;;;;;;;;;;;;;;;;;;;;;;;;
state_182;Norrbeak;;;;;;;;;;;;;;;;;;;;;;;;;;;
state_183;Lostfort;;;;;;;;;;;;;;;;;;;;;;;;;;;
state_184;Tarpian Rock;;;;;;;;;;;;;;;;;;;;;;;;;;;
state_185;No Going Back;;;;;;;;;;;;;;;;;;;;;;;;;;;
state_186;Dread Peninsula;;;;;;;;;;;;;;;;;;;;;;;;;;;
state_187;Blaland;;;;;;;;;;;;;;;;;;;;;;;;;;;
state_188;Cloudbury;;;;;;;;;;;;;;;;;;;;;;;;;;;
state_189;Winghagen;;;;;;;;;;;;;;;;;;;;;;;;;;;
state_190;Bleakspire;;;;;;;;;;;;;;;;;;;;;;;;;;;
state_191;Lostgate;;;;;;;;;;;;;;;;;;;;;;;;;;;
state_192;Whitetail Mountains;;;;;;;;;;;;;;;;;;;;;;;;;;;
state_193;Brantbeak;;;;;;;;;;;;;;;;;;;;;;;;;;;
state_194;Old Rottendedam;;;;;;;;;;;;;;;;;;;;;;;;;;;
state_195;Rottendestaat;;;;;;;;;;;;;;;;;;;;;;;;;;;
state_196;Aiwle;;;;;;;;;;;;;;;;;;;;;;;;;;;
state_197;Skyfall Harbor;;;;;;;;;;;;;;;;;;;;;;;;;;;
state_198;Oldebeaken;;;;;;;;;;;;;;;;;;;;;;;;;;;
state_199;Mirabelle;;;;;;;;;;;;;;;;;;;;;;;;;;;
state_200;De Vleugels;;;;;;;;;;;;;;;;;;;;;;;;;;;
state_201;Luxwingburg;;;;;;;;;;;;;;;;;;;;;;;;;;;
state_202;Central Feathisia;;;;;;;;;;;;;;;;;;;;;;;;;;;
state_203;Central Plain;;;;;;;;;;;;;;;;;;;;;;;;;;;
state_204;Romau;;;;;;;;;;;;;;;;;;;;;;;;;;;
state_205;Griffton;;;;;;;;;;;;;;;;;;;;;;;;;;;
state_206;Vleugeland;;;;;;;;;;;;;;;;;;;;;;;;;;;
state_207;Losthope;;;;;;;;;;;;;;;;;;;;;;;;;;;
state_208;Farbrook;;;;;;;;;;;;;;;;;;;;;;;;;;;
state_209;Fezera;;;;;;;;;;;;;;;;;;;;;;;;;;;
state_210;Greifenmarschen;;;;;;;;;;;;;;;;;;;;;;;;;;;
state_211;Eagleton;;;;;;;;;;;;;;;;;;;;;;;;;;;
state_212;Falcontown;;;;;;;;;;;;;;;;;;;;;;;;;;;
state_213;Cloudguard;;;;;;;;;;;;;;;;;;;;;;;;;;;
state_214;Pomovarra;;;;;;;;;;;;;;;;;;;;;;;;;;;
state_215;Flowena;;;;;;;;;;;;;;;;;;;;;;;;;;;
state_216;Dwarftail;;;;;;;;;;;;;;;;;;;;;;;;;;;
state_217;Readewetter;;;;;;;;;;;;;;;;;;;;;;;;;;;
state_218;Osnabeak;;;;;;;;;;;;;;;;;;;;;;;;;;;
state_219;Interriver;;;;;;;;;;;;;;;;;;;;;;;;;;;
state_220;Griffenheim;;;;;;;;;;;;;;;;;;;;;;;;;;;
state_221;Raven Lakes;;;;;;;;;;;;;;;;;;;;;;;;;;;
state_222;King's Realm;;;;;;;;;;;;;;;;;;;;;;;;;;;
state_223;Crownspike;;;;;;;;;;;;;;;;;;;;;;;;;;;
state_224;Bronzekreuz;;;;;;;;;;;;;;;;;;;;;;;;;;;
state_225;Brightcreeks;;;;;;;;;;;;;;;;;;;;;;;;;;;
state_226;Hellquill;;;;;;;;;;;;;;;;;;;;;;;;;;;
state_227;Lone Domain;;;;;;;;;;;;;;;;;;;;;;;;;;;
state_228;Longsword;;;;;;;;;;;;;;;;;;;;;;;;;;;
state_229;Helheim;;;;;;;;;;;;;;;;;;;;;;;;;;;
state_230;Birthplace;;;;;;;;;;;;;;;;;;;;;;;;;;;
state_231;Greenback;;;;;;;;;;;;;;;;;;;;;;;;;;;
state_232;Katerin;;;;;;;;;;;;;;;;;;;;;;;;;;;
state_233;Angriver;;;;;;;;;;;;;;;;;;;;;;;;;;;
state_234;Angelclaw;;;;;;;;;;;;;;;;;;;;;;;;;;;
state_235;Eyrie;;;;;;;;;;;;;;;;;;;;;;;;;;;
state_236;Avian;;;;;;;;;;;;;;;;;;;;;;;;;;;
state_237;Erie;;;;;;;;;;;;;;;;;;;;;;;;;;;
state_238;Sparleto;;;;;;;;;;;;;;;;;;;;;;;;;;;
state_239;Stone Highlands;;;;;;;;;;;;;;;;;;;;;;;;;;;
state_240;Griffonstone;;;;;;;;;;;;;;;;;;;;;;;;;;;
state_241;Coalfall;;;;;;;;;;;;;;;;;;;;;;;;;;;
state_242;Watertowns;;;;;;;;;;;;;;;;;;;;;;;;;;;
state_243;Path;;;;;;;;;;;;;;;;;;;;;;;;;;;
state_244;Salmarkt;;;;;;;;;;;;;;;;;;;;;;;;;;;
state_245;Bonedrift;;;;;;;;;;;;;;;;;;;;;;;;;;;
state_246;Tealea;;;;;;;;;;;;;;;;;;;;;;;;;;;
state_247;Coldmouth;;;;;;;;;;;;;;;;;;;;;;;;;;;
state_248;Dimondia;;;;;;;;;;;;;;;;;;;;;;;;;;;
state_249;Dit-Kazar;;;;;;;;;;;;;;;;;;;;;;;;;;;
state_250;Vetailje;;;;;;;;;;;;;;;;;;;;;;;;;;;
state_251;Mareibor;;;;;;;;;;;;;;;;;;;;;;;;;;;
state_252;Bakara;;;;;;;;;;;;;;;;;;;;;;;;;;;
state_253;Wolfrest;;;;;;;;;;;;;;;;;;;;;;;;;;;
state_254;Egysic Forest;;;;;;;;;;;;;;;;;;;;;;;;;;;
state_255;Pterygapolis;;;;;;;;;;;;;;;;;;;;;;;;;;;
state_256;Coltovac;;;;;;;;;;;;;;;;;;;;;;;;;;;
state_257;Neighretva;;;;;;;;;;;;;;;;;;;;;;;;;;;
state_258;Rijekograd;;;;;;;;;;;;;;;;;;;;;;;;;;;
state_259;Wild Vodina;;;;;;;;;;;;;;;;;;;;;;;;;;;
state_260;Nimbusia;;;;;;;;;;;;;;;;;;;;;;;;;;;
state_261;Kataigida;;;;;;;;;;;;;;;;;;;;;;;;;;;
state_262;Oreino Tropo;;;;;;;;;;;;;;;;;;;;;;;;;;;
state_263;Jezeragrad;;;;;;;;;;;;;;;;;;;;;;;;;;;
state_264;Marebia;;;;;;;;;;;;;;;;;;;;;;;;;;;
state_265;Svetazmlja;;;;;;;;;;;;;;;;;;;;;;;;;;;
state_266;Talvona;;;;;;;;;;;;;;;;;;;;;;;;;;;
state_267;Lushland;;;;;;;;;;;;;;;;;;;;;;;;;;;
state_268;Vorobeyko;;;;;;;;;;;;;;;;;;;;;;;;;;;
state_269;Wormwood Groves;;;;;;;;;;;;;;;;;;;;;;;;;;;
state_270;Kaiv;;;;;;;;;;;;;;;;;;;;;;;;;;;
state_271;Chykchyryn-Pohryfynnja;;;;;;;;;;;;;;;;;;;;;;;;;;;
state_272;Sydia;;;;;;;;;;;;;;;;;;;;;;;;;;;
state_273;Griffonwill;;;;;;;;;;;;;;;;;;;;;;;;;;;
state_274;Brodfeld;;;;;;;;;;;;;;;;;;;;;;;;;;;
state_275;Banditplace;;;;;;;;;;;;;;;;;;;;;;;;;;;
state_276;Murkbeak;;;;;;;;;;;;;;;;;;;;;;;;;;;
state_277;Creeper Mountains;;;;;;;;;;;;;;;;;;;;;;;;;;;
state_278;Darnish Highlands;;;;;;;;;;;;;;;;;;;;;;;;;;;
state_279;Wittenburgh;;;;;;;;;;;;;;;;;;;;;;;;;;;
state_280;Papaglia;;;;;;;;;;;;;;;;;;;;;;;;;;;
state_281;Fearann-Ponaidh;;;;;;;;;;;;;;;;;;;;;;;;;;;
state_282;Iomall-Fairge;;;;;;;;;;;;;;;;;;;;;;;;;;;
state_283;Hjartholar;;;;;;;;;;;;;;;;;;;;;;;;;;;
state_284;Seguro;;;;;;;;;;;;;;;;;;;;;;;;;;;
state_285;Fireshore;;;;;;;;;;;;;;;;;;;;;;;;;;;
state_286;Modrzewiowa Dolina;;;;;;;;;;;;;;;;;;;;;;;;;;;
state_287;Night Forest;;;;;;;;;;;;;;;;;;;;;;;;;;;
state_288;Ecole;;;;;;;;;;;;;;;;;;;;;;;;;;;
state_289;Balisement;;;;;;;;;;;;;;;;;;;;;;;;;;;
state_290;Pythagorea;;;;;;;;;;;;;;;;;;;;;;;;;;;
state_291;Guardian Field;;;;;;;;;;;;;;;;;;;;;;;;;;;
state_292;Cannabia;;;;;;;;;;;;;;;;;;;;;;;;;;;
state_293;Thymiaushafen;;;;;;;;;;;;;;;;;;;;;;;;;;;
state_294;Aster's Bay;;;;;;;;;;;;;;;;;;;;;;;;;;;
state_295;Ketta;;;;;;;;;;;;;;;;;;;;;;;;;;;
state_296;Lillai;;;;;;;;;;;;;;;;;;;;;;;;;;;
state_297;Phocapetra;;;;;;;;;;;;;;;;;;;;;;;;;;;
state_298;Haygean Islands;;;;;;;;;;;;;;;;;;;;;;;;;;;
state_299;Gelion and Kekion;;;;;;;;;;;;;;;;;;;;;;;;;;;
state_300;Aetia;;;;;;;;;;;;;;;;;;;;;;;;;;;
state_301;South Aetia;;;;;;;;;;;;;;;;;;;;;;;;;;;
state_302;Midoria;;;;;;;;;;;;;;;;;;;;;;;;;;;
state_303;Eritrocefalia;;;;;;;;;;;;;;;;;;;;;;;;;;;
state_304;Snowtops;;;;;;;;;;;;;;;;;;;;;;;;;;;
state_305;Keowen;;;;;;;;;;;;;;;;;;;;;;;;;;;
state_306;Valle del Tridente;;;;;;;;;;;;;;;;;;;;;;;;;;;
state_307;Scarlet Isle;;;;;;;;;;;;;;;;;;;;;;;;;;;
state_308;Sudfolc;;;;;;;;;;;;;;;;;;;;;;;;;;;
state_309;Falcor;;;;;;;;;;;;;;;;;;;;;;;;;;;
state_310;Alba Torre;;;;;;;;;;;;;;;;;;;;;;;;;;;
state_311;Matton;;;;;;;;;;;;;;;;;;;;;;;;;;;
state_312;Soarleto;;;;;;;;;;;;;;;;;;;;;;;;;;;
state_313;Thick Territory;;;;;;;;;;;;;;;;;;;;;;;;;;;
state_314;Warthog Forest;;;;;;;;;;;;;;;;;;;;;;;;;;;
state_315;Karthin;;;;;;;;;;;;;;;;;;;;;;;;;;;
state_316;Lowing Gap;;;;;;;;;;;;;;;;;;;;;;;;;;;
state_317;Librarsia;;;;;;;;;;;;;;;;;;;;;;;;;;;
state_318;Wrobert;;;;;;;;;;;;;;;;;;;;;;;;;;;
state_319;Far Harbor;;;;;;;;;;;;;;;;;;;;;;;;;;;
state_320;Tarrin;;;;;;;;;;;;;;;;;;;;;;;;;;;
state_321;Transista;;;;;;;;;;;;;;;;;;;;;;;;;;;
state_322;Goldenfeather;;;;;;;;;;;;;;;;;;;;;;;;;;;
state_323;Francistria;;;;;;;;;;;;;;;;;;;;;;;;;;;
state_324;Skyaluzzo;;;;;;;;;;;;;;;;;;;;;;;;;;;
state_325;Pridea;;;;;;;;;;;;;;;;;;;;;;;;;;;
state_326;Vinovia;;;;;;;;;;;;;;;;;;;;;;;;;;;
state_327;Westkeep;;;;;;;;;;;;;;;;;;;;;;;;;;;
state_328;Crimson Shore;;;;;;;;;;;;;;;;;;;;;;;;;;;
state_329;Rila;;;;;;;;;;;;;;;;;;;;;;;;;;;
state_330;Pelis;;;;;;;;;;;;;;;;;;;;;;;;;;;
state_331;Aquila;;;;;;;;;;;;;;;;;;;;;;;;;;;
state_332;Vanguardigo;;;;;;;;;;;;;;;;;;;;;;;;;;;
state_333;Manetua;;;;;;;;;;;;;;;;;;;;;;;;;;;
state_334;Talononte;;;;;;;;;;;;;;;;;;;;;;;;;;;
state_335;Navarro;;;;;;;;;;;;;;;;;;;;;;;;;;;
state_336;Tasmaneia;;;;;;;;;;;;;;;;;;;;;;;;;;;
state_337;New Hoofington;;;;;;;;;;;;;;;;;;;;;;;;;;;
state_338;Hoovesplain;;;;;;;;;;;;;;;;;;;;;;;;;;;
state_339;Sunset;;;;;;;;;;;;;;;;;;;;;;;;;;;
state_340;Northern Cross;;;;;;;;;;;;;;;;;;;;;;;;;;;
state_341;Greneclyf;;;;;;;;;;;;;;;;;;;;;;;;;;;
state_342;Trots and Canters;;;;;;;;;;;;;;;;;;;;;;;;;;;
state_343;Feathered Isles;;;;;;;;;;;;;;;;;;;;;;;;;;;
state_344;Alaudias;;;;;;;;;;;;;;;;;;;;;;;;;;;
state_345;East Aris;;;;;;;;;;;;;;;;;;;;;;;;;;;
state_346;Eastwood;;;;;;;;;;;;;;;;;;;;;;;;;;;
state_347;Mount Aris;;;;;;;;;;;;;;;;;;;;;;;;;;;
state_348;North Aris;;;;;;;;;;;;;;;;;;;;;;;;;;;
state_349;Central Aris;;;;;;;;;;;;;;;;;;;;;;;;;;;
state_350;Westshore;;;;;;;;;;;;;;;;;;;;;;;;;;;
state_351;Soaring Woods;;;;;;;;;;;;;;;;;;;;;;;;;;;
state_352;South Aris;;;;;;;;;;;;;;;;;;;;;;;;;;;
state_353;Macaianas;;;;;;;;;;;;;;;;;;;;;;;;;;;
state_354;Espirito Forte;;;;;;;;;;;;;;;;;;;;;;;;;;;
state_355;Mato Grosso;;;;;;;;;;;;;;;;;;;;;;;;;;;
state_356;Ilhas Tres Irmaos;;;;;;;;;;;;;;;;;;;;;;;;;;;
state_357;Campo Grande;;;;;;;;;;;;;;;;;;;;;;;;;;;
state_358;Cachoeiro do Porto;;;;;;;;;;;;;;;;;;;;;;;;;;;
state_359;Serra Recondito;;;;;;;;;;;;;;;;;;;;;;;;;;;
state_360;Sao Penario;;;;;;;;;;;;;;;;;;;;;;;;;;;
state_361;Rio de Jendaia;;;;;;;;;;;;;;;;;;;;;;;;;;;
state_362;Olho Selgado;;;;;;;;;;;;;;;;;;;;;;;;;;;
state_363;Sri Cervidae;;;;;;;;;;;;;;;;;;;;;;;;;;;
state_364;Matadeera;;;;;;;;;;;;;;;;;;;;;;;;;;;
state_365;Alaudid Range;;;;;;;;;;;;;;;;;;;;;;;;;;;
state_366;Sivmareas;;;;;;;;;;;;;;;;;;;;;;;;;;;
state_367;Zamitha;;;;;;;;;;;;;;;;;;;;;;;;;;;
state_368;Karamane;;;;;;;;;;;;;;;;;;;;;;;;;;;
state_369;Zalithi;;;;;;;;;;;;;;;;;;;;;;;;;;;
state_370;Colthage;;;;;;;;;;;;;;;;;;;;;;;;;;;
state_371;Zahal;;;;;;;;;;;;;;;;;;;;;;;;;;;
state_372;Karmanegdan;;;;;;;;;;;;;;;;;;;;;;;;;;;
state_373;Zebinop;;;;;;;;;;;;;;;;;;;;;;;;;;;
state_374;Zeordu-Amanesya;;;;;;;;;;;;;;;;;;;;;;;;;;;
state_375;Trotkat;;;;;;;;;;;;;;;;;;;;;;;;;;;
state_376;Kizil-Zeb;;;;;;;;;;;;;;;;;;;;;;;;;;;
state_377;Goatlestan;;;;;;;;;;;;;;;;;;;;;;;;;;;
state_378;Hind;;;;;;;;;;;;;;;;;;;;;;;;;;;
state_379;Fawnala;;;;;;;;;;;;;;;;;;;;;;;;;;;
state_380;Stagataka;;;;;;;;;;;;;;;;;;;;;;;;;;;
state_381;Gujadoe;;;;;;;;;;;;;;;;;;;;;;;;;;;
state_382;Lower Doeb;;;;;;;;;;;;;;;;;;;;;;;;;;;
state_383;Stagpal;;;;;;;;;;;;;;;;;;;;;;;;;;;
state_384;Kar-Alpaka;;;;;;;;;;;;;;;;;;;;;;;;;;;
state_385;Lhazco;;;;;;;;;;;;;;;;;;;;;;;;;;;
state_386;Criamir;;;;;;;;;;;;;;;;;;;;;;;;;;;
state_387;Gyalama;;;;;;;;;;;;;;;;;;;;;;;;;;;
state_388;Alpacamba;;;;;;;;;;;;;;;;;;;;;;;;;;;
state_389;Barquipa;;;;;;;;;;;;;;;;;;;;;;;;;;;
state_390;Antlahore;;;;;;;;;;;;;;;;;;;;;;;;;;;
state_391;Hart;;;;;;;;;;;;;;;;;;;;;;;;;;;
state_392;Deerwar;;;;;;;;;;;;;;;;;;;;;;;;;;;
state_393;Doehli;;;;;;;;;;;;;;;;;;;;;;;;;;;
state_394;Upper Doeb;;;;;;;;;;;;;;;;;;;;;;;;;;;
state_395;Maricherry;;;;;;;;;;;;;;;;;;;;;;;;;;;
state_396;Mattukai;;;;;;;;;;;;;;;;;;;;;;;;;;;
state_397;Kalaimandalam;;;;;;;;;;;;;;;;;;;;;;;;;;;
state_398;Ostkranbi;;;;;;;;;;;;;;;;;;;;;;;;;;;
state_399;Dehler;;;;;;;;;;;;;;;;;;;;;;;;;;;
state_400;Moopaneri;;;;;;;;;;;;;;;;;;;;;;;;;;;
state_401;Antler Pradesh;;;;;;;;;;;;;;;;;;;;;;;;;;;
state_402;Merkaanen Forests;;;;;;;;;;;;;;;;;;;;;;;;;;;
state_403;Cuddlelore;;;;;;;;;;;;;;;;;;;;;;;;;;;
state_404;Clovisthan;;;;;;;;;;;;;;;;;;;;;;;;;;;
state_405;Hooveisguh;;;;;;;;;;;;;;;;;;;;;;;;;;;
state_406;Antlerjab;;;;;;;;;;;;;;;;;;;;;;;;;;;
state_407;North Buckgal;;;;;;;;;;;;;;;;;;;;;;;;;;;
state_408;Jhun Doe;;;;;;;;;;;;;;;;;;;;;;;;;;;
state_409;Kota Antlairs;;;;;;;;;;;;;;;;;;;;;;;;;;;
state_410;Buckgal;;;;;;;;;;;;;;;;;;;;;;;;;;;
state_411;Pudu Taihl;;;;;;;;;;;;;;;;;;;;;;;;;;;
state_412;Elk Ka Jangal;;;;;;;;;;;;;;;;;;;;;;;;;;;
state_413;Jammu Hiran;;;;;;;;;;;;;;;;;;;;;;;;;;;
state_414;Ungulanum;;;;;;;;;;;;;;;;;;;;;;;;;;;
state_415;Hsihoof;;;;;;;;;;;;;;;;;;;;;;;;;;;
state_416;Udder Pradesh;;;;;;;;;;;;;;;;;;;;;;;;;;;
state_417;Fureshapur;;;;;;;;;;;;;;;;;;;;;;;;;;;
state_418;Baganta;;;;;;;;;;;;;;;;;;;;;;;;;;;
state_419;Shanusca;;;;;;;;;;;;;;;;;;;;;;;;;;;
state_420;Vermillion Basin;;;;;;;;;;;;;;;;;;;;;;;;;;;
state_421;Radiant Vale;;;;;;;;;;;;;;;;;;;;;;;;;;;
state_422;Maretime Range;;;;;;;;;;;;;;;;;;;;;;;;;;;
state_423;Trypan Interfluve;;;;;;;;;;;;;;;;;;;;;;;;;;;
state_424;Auburn Isle;;;;;;;;;;;;;;;;;;;;;;;;;;;
state_425;Sunshine Headlands;;;;;;;;;;;;;;;;;;;;;;;;;;;
state_426;East Gossamer Woods;;;;;;;;;;;;;;;;;;;;;;;;;;;
state_427;Fecundity Wetlands;;;;;;;;;;;;;;;;;;;;;;;;;;;
state_428;West Gossamer Woods;;;;;;;;;;;;;;;;;;;;;;;;;;;
state_429;Cerulean Lowlands;;;;;;;;;;;;;;;;;;;;;;;;;;;
state_430;Cherry Blossom;;;;;;;;;;;;;;;;;;;;;;;;;;;
state_431;Plumeria;;;;;;;;;;;;;;;;;;;;;;;;;;;
state_432;Auspicious Clouds;;;;;;;;;;;;;;;;;;;;;;;;;;;
state_433;Jade Expanse;;;;;;;;;;;;;;;;;;;;;;;;;;;
state_434;Azure Hollow;;;;;;;;;;;;;;;;;;;;;;;;;;;
state_435;Noctilucent Forest;;;;;;;;;;;;;;;;;;;;;;;;;;;
state_436;Orchid Brushwood;;;;;;;;;;;;;;;;;;;;;;;;;;;
state_437;Razorgrain Frontier;;;;;;;;;;;;;;;;;;;;;;;;;;;
state_438;Tannin Forest;;;;;;;;;;;;;;;;;;;;;;;;;;;
state_439;Monsoon Fields;;;;;;;;;;;;;;;;;;;;;;;;;;;
state_440;Gamboge Pale;;;;;;;;;;;;;;;;;;;;;;;;;;;
state_441;Cassia Reach;;;;;;;;;;;;;;;;;;;;;;;;;;;
state_442;Lotus Crown;;;;;;;;;;;;;;;;;;;;;;;;;;;
state_443;Tzhimane;;;;;;;;;;;;;;;;;;;;;;;;;;;
state_444;Niuew Grieslein;;;;;;;;;;;;;;;;;;;;;;;;;;;
state_445;Roam;;;;;;;;;;;;;;;;;;;;;;;;;;;
state_446;Manetwa;;;;;;;;;;;;;;;;;;;;;;;;;;;
state_447;Calfkum;;;;;;;;;;;;;;;;;;;;;;;;;;;
state_448;Hoofkent;;;;;;;;;;;;;;;;;;;;;;;;;;;
state_449;Bucklan;;;;;;;;;;;;;;;;;;;;;;;;;;;
state_450;Koltshgar;;;;;;;;;;;;;;;;;;;;;;;;;;;
state_451;Dazoguz;;;;;;;;;;;;;;;;;;;;;;;;;;;
state_452;Pamiz Mountains;;;;;;;;;;;;;;;;;;;;;;;;;;;
state_453;Buckhara;;;;;;;;;;;;;;;;;;;;;;;;;;;
state_454;Zajhari;;;;;;;;;;;;;;;;;;;;;;;;;;;
state_455;Agzhat-Zinder;;;;;;;;;;;;;;;;;;;;;;;;;;;
state_456;Menzaka;;;;;;;;;;;;;;;;;;;;;;;;;;;
state_457;Mareafreh;;;;;;;;;;;;;;;;;;;;;;;;;;;
state_458;Azir;;;;;;;;;;;;;;;;;;;;;;;;;;;
state_459;Zuat;;;;;;;;;;;;;;;;;;;;;;;;;;;
state_460;Camelid Ridge;;;;;;;;;;;;;;;;;;;;;;;;;;;
state_461;Twinzanbwe;;;;;;;;;;;;;;;;;;;;;;;;;;;
state_462;Zuvera;;;;;;;;;;;;;;;;;;;;;;;;;;;
state_463;Griffeveld;;;;;;;;;;;;;;;;;;;;;;;;;;;
state_464;Niuew Rottendestaat;;;;;;;;;;;;;;;;;;;;;;;;;;;
state_465;Griff-Reinet;;;;;;;;;;;;;;;;;;;;;;;;;;;
state_466;Kismaneyo;;;;;;;;;;;;;;;;;;;;;;;;;;;
state_467;Zarawa;;;;;;;;;;;;;;;;;;;;;;;;;;;
state_468;Mzinga;;;;;;;;;;;;;;;;;;;;;;;;;;;
state_469;Zamu;;;;;;;;;;;;;;;;;;;;;;;;;;;
state_470;Zmpangu;;;;;;;;;;;;;;;;;;;;;;;;;;;
state_471;Zongo;;;;;;;;;;;;;;;;;;;;;;;;;;;
state_472;Zuba;;;;;;;;;;;;;;;;;;;;;;;;;;;
state_473;Zupinamba;;;;;;;;;;;;;;;;;;;;;;;;;;;
state_474;Gipaugdaw;;;;;;;;;;;;;;;;;;;;;;;;;;;
state_475;Zaredlindi;;;;;;;;;;;;;;;;;;;;;;;;;;;
state_476;Zesalampy;;;;;;;;;;;;;;;;;;;;;;;;;;;
state_477;Tanaigha;;;;;;;;;;;;;;;;;;;;;;;;;;;
state_478;Karabaza;;;;;;;;;;;;;;;;;;;;;;;;;;;
state_479;Nylayarivo;;;;;;;;;;;;;;;;;;;;;;;;;;;
state_480;Sokatramaraina;;;;;;;;;;;;;;;;;;;;;;;;;;;
state_481;Ceram;;;;;;;;;;;;;;;;;;;;;;;;;;;
state_482;Manelilipol;;;;;;;;;;;;;;;;;;;;;;;;;;;
state_483;Maghudon;;;;;;;;;;;;;;;;;;;;;;;;;;;
state_484;Patay-na-Bantayog;;;;;;;;;;;;;;;;;;;;;;;;;;;
state_485;Kasub-Anan;;;;;;;;;;;;;;;;;;;;;;;;;;;
state_486;Pagawok;;;;;;;;;;;;;;;;;;;;;;;;;;;
state_487;Balaganeigh;;;;;;;;;;;;;;;;;;;;;;;;;;;
state_488;Karuyungan;;;;;;;;;;;;;;;;;;;;;;;;;;;
state_489;Glaan;;;;;;;;;;;;;;;;;;;;;;;;;;;
state_490;Tukiday;;;;;;;;;;;;;;;;;;;;;;;;;;;
state_491;Balisilak;;;;;;;;;;;;;;;;;;;;;;;;;;;
state_492;Pulalap;;;;;;;;;;;;;;;;;;;;;;;;;;;
state_493;Sumatrot;;;;;;;;;;;;;;;;;;;;;;;;;;;
state_494;Wezuli-Mizor;;;;;;;;;;;;;;;;;;;;;;;;;;;
state_495;Zava;;;;;;;;;;;;;;;;;;;;;;;;;;;
state_496;Hyusisayin Ap';;;;;;;;;;;;;;;;;;;;;;;;;;;
state_497;Arevelyan Ap';;;;;;;;;;;;;;;;;;;;;;;;;;;
state_498;T'agi Hogher;;;;;;;;;;;;;;;;;;;;;;;;;;;
state_499;Hangist Jur;;;;;;;;;;;;;;;;;;;;;;;;;;;
state_500;Gizli Adalar;;;;;;;;;;;;;;;;;;;;;;;;;;;
state_501;Kuzey Kiyisi;;;;;;;;;;;;;;;;;;;;;;;;;;;
state_502;Siginak;;;;;;;;;;;;;;;;;;;;;;;;;;;
state_503;Buyuk Boynuz;;;;;;;;;;;;;;;;;;;;;;;;;;;
state_504;Cenub Tepeleri;;;;;;;;;;;;;;;;;;;;;;;;;;;
state_505;Ada Islands;;;;;;;;;;;;;;;;;;;;;;;;;;;
state_506;Nurayiye;;;;;;;;;;;;;;;;;;;;;;;;;;;
state_507;Orta Yayla;;;;;;;;;;;;;;;;;;;;;;;;;;;
state_508;Birinci Toprak;;;;;;;;;;;;;;;;;;;;;;;;;;;
state_509;Ecaib Mese;;;;;;;;;;;;;;;;;;;;;;;;;;;
state_510;Xadka Dabka;;;;;;;;;;;;;;;;;;;;;;;;;;;
state_511;Naarta;;;;;;;;;;;;;;;;;;;;;;;;;;;
state_512;Qurxinta;;;;;;;;;;;;;;;;;;;;;;;;;;;
state_513;Dhul Gariir;;;;;;;;;;;;;;;;;;;;;;;;;;;
state_514;Konkaymaha;;;;;;;;;;;;;;;;;;;;;;;;;;;
state_515;Zpasu;;;;;;;;;;;;;;;;;;;;;;;;;;;
state_516;Gajar;;;;;;;;;;;;;;;;;;;;;;;;;;;
state_517;Crimson Isles;;;;;;;;;;;;;;;;;;;;;;;;;;;
state_518;Adishu;;;;;;;;;;;;;;;;;;;;;;;;;;;
state_519;Kaynta Dooxada;;;;;;;;;;;;;;;;;;;;;;;;;;;
state_520;Guri Dhurwaa;;;;;;;;;;;;;;;;;;;;;;;;;;;
state_521;Rainguard;;;;;;;;;;;;;;;;;;;;;;;;;;;
state_522;Wetbanks;;;;;;;;;;;;;;;;;;;;;;;;;;;
state_523;Karen;;;;;;;;;;;;;;;;;;;;;;;;;;;
state_524;Thunder Cliffs;;;;;;;;;;;;;;;;;;;;;;;;;;;
state_525;Windborn;;;;;;;;;;;;;;;;;;;;;;;;;;;
state_526;Dodomane;;;;;;;;;;;;;;;;;;;;;;;;;;;
state_527;Comareos and Zanzibuck;;;;;;;;;;;;;;;;;;;;;;;;;;;
state_528;Zkoma;;;;;;;;;;;;;;;;;;;;;;;;;;;
state_529;Munmane;;;;;;;;;;;;;;;;;;;;;;;;;;;
state_530;Zumbana;;;;;;;;;;;;;;;;;;;;;;;;;;;
state_531;Zano;;;;;;;;;;;;;;;;;;;;;;;;;;;
state_532;Ijebi;;;;;;;;;;;;;;;;;;;;;;;;;;;
state_533;Gelon-Zornu;;;;;;;;;;;;;;;;;;;;;;;;;;;
state_534;Kamane;;;;;;;;;;;;;;;;;;;;;;;;;;;
state_535;Ugabi;;;;;;;;;;;;;;;;;;;;;;;;;;;
state_536;Buckonny;;;;;;;;;;;;;;;;;;;;;;;;;;;
state_537;Buckluchistan;;;;;;;;;;;;;;;;;;;;;;;;;;;
state_538;Maredin;;;;;;;;;;;;;;;;;;;;;;;;;;;
state_539;Ardakmane;;;;;;;;;;;;;;;;;;;;;;;;;;;
state_540;Fmares;;;;;;;;;;;;;;;;;;;;;;;;;;;
state_541;Qazmanein;;;;;;;;;;;;;;;;;;;;;;;;;;;
state_542;Mareshhad;;;;;;;;;;;;;;;;;;;;;;;;;;;
state_543;Samanewat;;;;;;;;;;;;;;;;;;;;;;;;;;;
state_544;Trotbas;;;;;;;;;;;;;;;;;;;;;;;;;;;
state_545;Semane;;;;;;;;;;;;;;;;;;;;;;;;;;;
state_546;Trotran;;;;;;;;;;;;;;;;;;;;;;;;;;;
state_547;Suhmane;;;;;;;;;;;;;;;;;;;;;;;;;;;
state_548;Jabal Tailiq;;;;;;;;;;;;;;;;;;;;;;;;;;;
state_549;Ash Smareqiyah;;;;;;;;;;;;;;;;;;;;;;;;;;;
state_550;Maregostan;;;;;;;;;;;;;;;;;;;;;;;;;;;
state_551;Trotabad;;;;;;;;;;;;;;;;;;;;;;;;;;;
state_552;Kermaneshah;;;;;;;;;;;;;;;;;;;;;;;;;;;
state_553;Khorramaneabad;;;;;;;;;;;;;;;;;;;;;;;;;;;
state_554;Malamaneir;;;;;;;;;;;;;;;;;;;;;;;;;;;
state_555;Sarygam;;;;;;;;;;;;;;;;;;;;;;;;;;;
state_556;Zarmarej;;;;;;;;;;;;;;;;;;;;;;;;;;;
state_557;Mozzi;;;;;;;;;;;;;;;;;;;;;;;;;;;
state_558;Beihoof;;;;;;;;;;;;;;;;;;;;;;;;;;;
state_559;Mareib;;;;;;;;;;;;;;;;;;;;;;;;;;;
state_560;Aoranda;;;;;;;;;;;;;;;;;;;;;;;;;;;
state_561;Kotozo;;;;;;;;;;;;;;;;;;;;;;;;;;;
state_562;Buckure;;;;;;;;;;;;;;;;;;;;;;;;;;;
state_563;Ziani;;;;;;;;;;;;;;;;;;;;;;;;;;;
state_564;Anzongo;;;;;;;;;;;;;;;;;;;;;;;;;;;
state_565;Zao;;;;;;;;;;;;;;;;;;;;;;;;;;;
state_566;Mareshi;;;;;;;;;;;;;;;;;;;;;;;;;;;
state_567;Zaudeni;;;;;;;;;;;;;;;;;;;;;;;;;;;
state_568;Buckyuda;;;;;;;;;;;;;;;;;;;;;;;;;;;
state_569;Zongola;;;;;;;;;;;;;;;;;;;;;;;;;;;
state_570;Re'em;;;;;;;;;;;;;;;;;;;;;;;;;;;
state_571;Timbucktu;;;;;;;;;;;;;;;;;;;;;;;;;;;
state_572;Zodh;;;;;;;;;;;;;;;;;;;;;;;;;;;
state_573;Qurhoof;;;;;;;;;;;;;;;;;;;;;;;;;;;
state_574;Sadlhara;;;;;;;;;;;;;;;;;;;;;;;;;;;
state_575;Wustrota;;;;;;;;;;;;;;;;;;;;;;;;;;;
state_576;Marestra;;;;;;;;;;;;;;;;;;;;;;;;;;;
state_577;Marekalla;;;;;;;;;;;;;;;;;;;;;;;;;;;
state_578;Mane'a;;;;;;;;;;;;;;;;;;;;;;;;;;;
state_579;Farasrah;;;;;;;;;;;;;;;;;;;;;;;;;;;
state_580;Asinus;;;;;;;;;;;;;;;;;;;;;;;;;;;
state_581;Jackish;;;;;;;;;;;;;;;;;;;;;;;;;;;
state_582;Anseruk;;;;;;;;;;;;;;;;;;;;;;;;;;;
state_583;Oujmareda;;;;;;;;;;;;;;;;;;;;;;;;;;;
state_584;Jabal Shammare;;;;;;;;;;;;;;;;;;;;;;;;;;;
state_585;Al Kahb;;;;;;;;;;;;;;;;;;;;;;;;;;;
state_586;Manedinah;;;;;;;;;;;;;;;;;;;;;;;;;;;
state_587;Yabmanein;;;;;;;;;;;;;;;;;;;;;;;;;;;
state_588;Trotubah;;;;;;;;;;;;;;;;;;;;;;;;;;;
state_589;Al'Maneid;;;;;;;;;;;;;;;;;;;;;;;;;;;
state_590;Awal;;;;;;;;;;;;;;;;;;;;;;;;;;;
state_591;Marecalat;;;;;;;;;;;;;;;;;;;;;;;;;;;
state_592;Dawasire;;;;;;;;;;;;;;;;;;;;;;;;;;;
state_593;Bishah;;;;;;;;;;;;;;;;;;;;;;;;;;;
state_594;Jaffmare;;;;;;;;;;;;;;;;;;;;;;;;;;;
state_595;Najgallop;;;;;;;;;;;;;;;;;;;;;;;;;;;
state_596;Gallarb;;;;;;;;;;;;;;;;;;;;;;;;;;;
state_597;Buckkala;;;;;;;;;;;;;;;;;;;;;;;;;;;
state_598;Taila Imsan;;;;;;;;;;;;;;;;;;;;;;;;;;;
state_599;Mareakech;;;;;;;;;;;;;;;;;;;;;;;;;;;
state_600;Trotgiers;;;;;;;;;;;;;;;;;;;;;;;;;;;
state_601;Hayha;;;;;;;;;;;;;;;;;;;;;;;;;;;
state_602;Assur;;;;;;;;;;;;;;;;;;;;;;;;;;;
state_603;Mulei;;;;;;;;;;;;;;;;;;;;;;;;;;;
state_604;Hee-Hawtra;;;;;;;;;;;;;;;;;;;;;;;;;;;
state_605;Zush;;;;;;;;;;;;;;;;;;;;;;;;;;;
state_606;Maregyptian Desert;;;;;;;;;;;;;;;;;;;;;;;;;;;
state_607;Klugetown;;;;;;;;;;;;;;;;;;;;;;;;;;;
state_608;Mareydum;;;;;;;;;;;;;;;;;;;;;;;;;;;
state_609;Dahshoof;;;;;;;;;;;;;;;;;;;;;;;;;;;
state_610;Tuneighsian Desert;;;;;;;;;;;;;;;;;;;;;;;;;;;
state_611;Somnambula;;;;;;;;;;;;;;;;;;;;;;;;;;;
state_612;Hayxor;;;;;;;;;;;;;;;;;;;;;;;;;;;
state_613;Neighle Delta;;;;;;;;;;;;;;;;;;;;;;;;;;;
state_614;Coltoba;;;;;;;;;;;;;;;;;;;;;;;;;;;
state_615;Sineigh Desert;;;;;;;;;;;;;;;;;;;;;;;;;;;
state_616;Panthera;;;;;;;;;;;;;;;;;;;;;;;;;;;
state_617;Oromeowia;;;;;;;;;;;;;;;;;;;;;;;;;;;
state_618;Pawritrea;;;;;;;;;;;;;;;;;;;;;;;;;;;
state_619;Mauchew;;;;;;;;;;;;;;;;;;;;;;;;;;;
state_620;Catorahe;;;;;;;;;;;;;;;;;;;;;;;;;;;
state_621;Katkat;;;;;;;;;;;;;;;;;;;;;;;;;;;
state_622;Jirati;;;;;;;;;;;;;;;;;;;;;;;;;;;
state_623;Purrsia;;;;;;;;;;;;;;;;;;;;;;;;;;;
state_624;New Mareidian;;;;;;;;;;;;;;;;;;;;;;;;;;;
state_625;Exile's Landing;;;;;;;;;;;;;;;;;;;;;;;;;;;
state_626;New South Buckcastle;;;;;;;;;;;;;;;;;;;;;;;;;;;
state_627;Manerba;;;;;;;;;;;;;;;;;;;;;;;;;;;
state_628;Tobuck;;;;;;;;;;;;;;;;;;;;;;;;;;;
state_629;Azimgav;;;;;;;;;;;;;;;;;;;;;;;;;;;
state_630;Askalion;;;;;;;;;;;;;;;;;;;;;;;;;;;
state_631;Zirta;;;;;;;;;;;;;;;;;;;;;;;;;;;
state_632;Annaza;;;;;;;;;;;;;;;;;;;;;;;;;;;
state_633;Aurez Hills;;;;;;;;;;;;;;;;;;;;;;;;;;;
state_634;Fyrd Valley;;;;;;;;;;;;;;;;;;;;;;;;;;;
state_635;Barrad-Elisay;;;;;;;;;;;;;;;;;;;;;;;;;;;
state_636;Peaks of Peril;;;;;;;;;;;;;;;;;;;;;;;;;;;
state_637;Cinereous Strath;;;;;;;;;;;;;;;;;;;;;;;;;;;
state_638;Onyx Dale;;;;;;;;;;;;;;;;;;;;;;;;;;;
state_639;Comely Cape;;;;;;;;;;;;;;;;;;;;;;;;;;;
state_640;Prosperous Dell;;;;;;;;;;;;;;;;;;;;;;;;;;;
state_641;Providence Demesne;;;;;;;;;;;;;;;;;;;;;;;;;;;
state_642;Apricot Glen;;;;;;;;;;;;;;;;;;;;;;;;;;;
state_643;Vespertine Valley;;;;;;;;;;;;;;;;;;;;;;;;;;;
state_644;Peace-and-Plenty;;;;;;;;;;;;;;;;;;;;;;;;;;;
state_645;Viridian Coast;;;;;;;;;;;;;;;;;;;;;;;;;;;
state_646;Camelkand;;;;;;;;;;;;;;;;;;;;;;;;;;;
state_647;Peltqan;;;;;;;;;;;;;;;;;;;;;;;;;;;
state_648;Ghostly Square;;;;;;;;;;;;;;;;;;;;;;;;;;;
state_649;Anibesa;;;;;;;;;;;;;;;;;;;;;;;;;;;
state_650;Eye of the Storm;;;;;;;;;;;;;;;;;;;;;;;;;;;
state_651;Maelstrom Coast;;;;;;;;;;;;;;;;;;;;;;;;;;;
state_652;Zwahile;;;;;;;;;;;;;;;;;;;;;;;;;;;
state_653;Zrumqi;;;;;;;;;;;;;;;;;;;;;;;;;;;
state_654;Zana;;;;;;;;;;;;;;;;;;;;;;;;;;;
state_655;Flower Wreath;;;;;;;;;;;;;;;;;;;;;;;;;;;
debug_1;Pengaia;;;;;;;;;;;;;;;;;;;;;;;;;;;